from,to,scope,function,literal,disasm_line
src_jsc/AnySdk/headers.jsc,src_jsc/AnySdk/AnySdkConst.jsc,top-level,,AnySdk/AnySdkConst.js,27
src_jsc/AnySdk/headers.jsc,src_jsc/AnySdk/AnySdkHelp_js.jsc,top-level,,AnySdk/AnySdkHelp_js.js,29
src_jsc/AnySdk/headers.jsc,src_jsc/AnySdk/AnySdkCallback.jsc,top-level,,AnySdk/AnySdkCallback.js,31
src_jsc/Audio/headers.jsc,src_jsc/Audio/Engine.jsc,top-level,,Audio/Engine.js,27
src_jsc/Cfg/Fight/headers.jsc,src_jsc/Cfg/Fight/NewPlayerFight.jsc,top-level,,Cfg/Fight/NewPlayerFight.js,29
src_jsc/Cfg/Fight/headers.jsc,src_jsc/Cfg/Fight/SkillPreview.jsc,top-level,,Cfg/Fight/SkillPreview.js,31
src_jsc/Cfg/Resource/headers.jsc,src_jsc/Cfg/Resource/Path.jsc,top-level,,Cfg/Resource/Path.js,29
src_jsc/Cfg/Resource/headers.jsc,src_jsc/Cfg/Resource/Head.jsc,top-level,,Cfg/Resource/Head.js,31
src_jsc/Cfg/Resource/headers.jsc,src_jsc/Cfg/Resource/Card.jsc,top-level,,Cfg/Resource/Card.js,33
src_jsc/Cfg/headers.jsc,data_cn_jsc/plan/sgs_combat_level_conf.jsc,top-level,,/sgs_combat_level_conf.js,123
src_jsc/Cfg/headers.jsc,data_cn_jsc/plan/sgs_config_btn.jsc,top-level,,/sgs_config_btn.js,127
src_jsc/Cfg/headers.jsc,data_cn_jsc/plan/sgs_config_label.jsc,top-level,,/sgs_config_label.js,131
src_jsc/Cfg/headers.jsc,data_cn_jsc/plan/sgs_dungeon_plot_conf.jsc,top-level,,/sgs_dungeon_plot_conf.js,135
src_jsc/Cfg/headers.jsc,data_cn_jsc/plan/sgs_dungeon_plot_dialog.jsc,top-level,,/sgs_dungeon_plot_dialog.js,139
src_jsc/Cfg/headers.jsc,data_cn_jsc/plan/sgs_eated_exp_conf.jsc,top-level,,/sgs_eated_exp_conf.js,143
src_jsc/Cfg/headers.jsc,data_cn_jsc/plan/sgs_equipments.jsc,top-level,,/sgs_equipments.js,147
src_jsc/Cfg/headers.jsc,data_cn_jsc/plan/sgs_fates.jsc,top-level,,/sgs_fates.js,151
src_jsc/Cfg/headers.jsc,data_cn_jsc/plan/sgs_general_surrender.jsc,top-level,,/sgs_general_surrender.js,155
src_jsc/Cfg/headers.jsc,data_cn_jsc/plan/sgs_generals.jsc,top-level,,/sgs_generals.js,159
src_jsc/Cfg/headers.jsc,data_cn_jsc/plan/sgs_global_conf.jsc,top-level,,/sgs_global_conf.js,163
src_jsc/Cfg/headers.jsc,data_cn_jsc/plan/sgs_i18n.jsc,top-level,,/sgs_i18n.js,167
src_jsc/Cfg/headers.jsc,data_cn_jsc/plan/sgs_insight_grow_type.jsc,top-level,,/sgs_insight_grow_type.js,171
src_jsc/Cfg/headers.jsc,data_cn_jsc/plan/sgs_item.jsc,top-level,,/sgs_item.js,175
src_jsc/Cfg/headers.jsc,data_cn_jsc/plan/sgs_map_conf.jsc,top-level,,/sgs_map_conf.js,179
src_jsc/Cfg/headers.jsc,data_cn_jsc/plan/sgs_random_name.jsc,top-level,,/sgs_random_name.js,183
src_jsc/Cfg/headers.jsc,data_cn_jsc/plan/sgs_refine_conf.jsc,top-level,,/sgs_refine_conf.js,187
src_jsc/Cfg/headers.jsc,data_cn_jsc/plan/sgs_resource.jsc,top-level,,/sgs_resource.js,191
src_jsc/Cfg/headers.jsc,data_cn_jsc/plan/sgs_sell_conf.jsc,top-level,,/sgs_sell_conf.js,195
src_jsc/Cfg/headers.jsc,data_cn_jsc/plan/sgs_skill_effect.jsc,top-level,,/sgs_skill_effect.js,199
src_jsc/Cfg/headers.jsc,data_cn_jsc/plan/sgs_skills.jsc,top-level,,/sgs_skills.js,203
src_jsc/Cfg/headers.jsc,data_cn_jsc/plan/sgs_surrender.jsc,top-level,,/sgs_surrender.js,207
src_jsc/Cfg/headers.jsc,data_cn_jsc/plan/sgs_upgrade_coin_conf.jsc,top-level,,/sgs_upgrade_coin_conf.js,211
src_jsc/Cfg/headers.jsc,data_cn_jsc/plan/sgs_upgrade_exp_conf.jsc,top-level,,/sgs_upgrade_exp_conf.js,215
src_jsc/Cfg/headers.jsc,data_cn_jsc/plan/sgs_user_level_conf.jsc,top-level,,/sgs_user_level_conf.js,219
src_jsc/Cfg/headers.jsc,data_cn_jsc/plan/sgs_vip_level_conf.jsc,top-level,,/sgs_vip_level_conf.js,223
src_jsc/Cfg/headers.jsc,data_cn_jsc/plan/sgs_lieutenant_skill.jsc,top-level,,/sgs_lieutenant_skill.js,227
src_jsc/Cfg/headers.jsc,data_cn_jsc/plan/sgs_buddy_conf.jsc,top-level,,/sgs_buddy_conf.js,231
src_jsc/Cfg/headers.jsc,data_cn_jsc/plan/sgs_dungeon_conf.jsc,top-level,,/sgs_dungeon_conf.js,235
src_jsc/Cfg/headers.jsc,data_cn_jsc/plan/sgs_union_war_battle_conf.jsc,top-level,,/sgs_union_war_battle_conf.js,239
src_jsc/Cfg/headers.jsc,data_cn_jsc/plan/sgs_gem.jsc,top-level,,/sgs_gem.js,243
src_jsc/Cfg/headers.jsc,data_cn_jsc/plan/sgs_skill_advanced_conf.jsc,top-level,,/sgs_skill_advanced_conf.js,247
src_jsc/Cfg/headers.jsc,data_cn_jsc/plan/sgs_magic_buff_conf.jsc,top-level,,/sgs_magic_buff_conf.js,251
src_jsc/Cfg/headers.jsc,data_cn_jsc/plan/sgs_world_war_schedule.jsc,top-level,,/sgs_world_war_schedule.js,255
src_jsc/Cfg/headers.jsc,data_cn_jsc/plan/sgs_godness.jsc,top-level,,/sgs_godness.js,259
src_jsc/Cfg/headers.jsc,data_cn_jsc/plan/sgs_godness_skin.jsc,top-level,,/sgs_godness_skin.js,263
src_jsc/Cfg/headers.jsc,data_cn_jsc/plan/sgs_hulao_reward_conf.jsc,top-level,,/sgs_hulao_reward_conf.js,267
src_jsc/Cfg/headers.jsc,data_cn_jsc/plan/sgs_melt_conf.jsc,top-level,,/sgs_melt_conf.js,271
src_jsc/Cfg/headers.jsc,data_cn_jsc/plan/sgs_function_level_conf.jsc,top-level,,/sgs_function_level_conf.js,275
src_jsc/Cfg/headers.jsc,data_cn_jsc/plan/sgs_meridian_top_conf.jsc,top-level,,/sgs_meridian_top_conf.js,279
src_jsc/Cfg/headers.jsc,data_cn_jsc/plan/sgs_meridian_conf.jsc,top-level,,/sgs_meridian_conf.js,283
src_jsc/Cfg/headers.jsc,data_cn_jsc/plan/sgs_meridian_point_conf.jsc,top-level,,/sgs_meridian_point_conf.js,287
src_jsc/Cfg/headers.jsc,data_cn_jsc/plan/sgs_godness_fates.jsc,top-level,,/sgs_godness_fates.js,291
src_jsc/Cfg/headers.jsc,data_cn_jsc/plan/sgs_skill_melt_conf.jsc,top-level,,/sgs_skill_melt_conf.js,295
src_jsc/Cfg/headers.jsc,data_cn_jsc/plan/sgs_evolution.jsc,top-level,,/sgs_evolution.js,299
src_jsc/Cfg/headers.jsc,data_cn_jsc/plan/sgs_evolution_open_conf.jsc,top-level,,/sgs_evolution_open_conf.js,303
src_jsc/Cfg/headers.jsc,data_cn_jsc/plan/sgs_evolution_buff_conf.jsc,top-level,,/sgs_evolution_buff_conf.js,307
src_jsc/Cfg/headers.jsc,data_cn_jsc/plan/sgs_evolution_surrender.jsc,top-level,,/sgs_evolution_surrender.js,311
src_jsc/Cfg/headers.jsc,data_cn_jsc/plan/sgs_beauty_conf_detail.jsc,top-level,,/sgs_beauty_conf_detail.js,315
src_jsc/Cfg/headers.jsc,data_cn_jsc/plan/sgs_skill_refine_conf.jsc,top-level,,/sgs_skill_refine_conf.js,319
src_jsc/Cfg/headers.jsc,data_cn_jsc/art/sgs_config_ttf.jsc,top-level,,/sgs_config_ttf.js,330
src_jsc/Cfg/headers.jsc,data_cn_jsc/art/sgs_config_ls.jsc,top-level,,/sgs_config_ls.js,334
src_jsc/Cfg/headers.jsc,data_cn_jsc/art/sgs_config_bmf.jsc,top-level,,/sgs_config_bmf.js,338
src_jsc/Cfg/headers.jsc,src_jsc/Cfg/Constant.jsc,top-level,,Cfg/Constant.js,377
src_jsc/Cfg/headers.jsc,src_jsc/Cfg/Label.jsc,top-level,,Cfg/Label.js,379
src_jsc/Cfg/headers.jsc,src_jsc/Cfg/Meta.jsc,top-level,,Cfg/Meta.js,381
src_jsc/Cfg/headers.jsc,src_jsc/Cfg/Resource/headers.jsc,top-level,,Cfg/Resource/headers.js,383
src_jsc/Cfg/headers.jsc,src_jsc/Cfg/Langage.jsc,top-level,,Cfg/Langage.js,385
src_jsc/Cfg/headers.jsc,src_jsc/Cfg/Scene.jsc,top-level,,Cfg/Scene.js,387
src_jsc/Cfg/headers.jsc,src_jsc/Cfg/Animate.jsc,top-level,,Cfg/Animate.js,389
src_jsc/Cfg/headers.jsc,src_jsc/Cfg/Sprite.jsc,top-level,,Cfg/Sprite.js,391
src_jsc/Cfg/headers.jsc,src_jsc/Cfg/Armature.jsc,top-level,,Cfg/Armature.js,393
src_jsc/Cfg/headers.jsc,src_jsc/Cfg/Audio.jsc,top-level,,Cfg/Audio.js,395
src_jsc/Cfg/headers.jsc,src_jsc/Cfg/Font.jsc,top-level,,Cfg/Font.js,397
src_jsc/Cfg/headers.jsc,src_jsc/Cfg/BMFont.jsc,top-level,,Cfg/BMFont.js,399
src_jsc/Cfg/headers.jsc,src_jsc/Cfg/String.jsc,top-level,,Cfg/String.js,401
src_jsc/Cfg/headers.jsc,src_jsc/Cfg/Url.jsc,top-level,,Cfg/Url.js,403
src_jsc/Cfg/headers.jsc,src_jsc/Cfg/Particle.jsc,top-level,,Cfg/Particle.js,405
src_jsc/Cfg/headers.jsc,src_jsc/Cfg/CCBI.jsc,top-level,,Cfg/CCBI.js,407
src_jsc/Cfg/headers.jsc,src_jsc/Cfg/Btn.jsc,top-level,,Cfg/Btn.js,409
src_jsc/Cfg/headers.jsc,src_jsc/Cfg/Guide.jsc,top-level,,Cfg/Guide.js,411
src_jsc/Cfg/headers.jsc,src_jsc/Cfg/Fight/headers.jsc,top-level,,Cfg/Fight/headers.js,413
src_jsc/Cfg/headers.jsc,src_jsc/Cfg/alias.jsc,top-level,,Cfg/alias.js,415
src_jsc/Core/Cocos2d-x/jsb.jsc,src_jsc/Core/Cocos2d-x/jsb_cocos2d_constants.jsc,top-level,,Core/Cocos2d-x/jsb_cocos2d_constants.js,14
src_jsc/Core/Cocos2d-x/jsb.jsc,src_jsc/Core/Cocos2d-x/jsb_cocos2d.jsc,top-level,,Core/Cocos2d-x/jsb_cocos2d.js,21
src_jsc/Core/Cocos2d-x/jsb.jsc,src_jsc/Core/Cocos2d-x/jsb_cocos2d_extension.jsc,top-level,,Core/Cocos2d-x/jsb_cocos2d_extension.js,28
src_jsc/Core/Cocos2d-x/jsb.jsc,src_jsc/Core/Cocos2d-x/jsb_cocos2d_studio.jsc,top-level,,Core/Cocos2d-x/jsb_cocos2d_studio.js,35
src_jsc/Core/Cocos2d-x/jsb.jsc,src_jsc/Core/Cocos2d-x/jsb_chipmunk_constants.jsc,top-level,,Core/Cocos2d-x/jsb_chipmunk_constants.js,42
src_jsc/Core/Cocos2d-x/jsb.jsc,src_jsc/Core/Cocos2d-x/jsb_chipmunk.jsc,top-level,,Core/Cocos2d-x/jsb_chipmunk.js,49
src_jsc/Core/Cocos2d-x/jsb.jsc,src_jsc/Core/Cocos2d-x/jsb_opengl_constants.jsc,top-level,,Core/Cocos2d-x/jsb_opengl_constants.js,56
src_jsc/Core/Cocos2d-x/jsb.jsc,src_jsc/Core/Cocos2d-x/jsb_opengl.jsc,top-level,,Core/Cocos2d-x/jsb_opengl.js,63
src_jsc/Core/Cocos2d-x/jsb.jsc,src_jsc/Core/Cocos2d-x/jsb_cocosbuilder.jsc,top-level,,Core/Cocos2d-x/jsb_cocosbuilder.js,70
src_jsc/Core/Cocos2d-x/jsb.jsc,src_jsc/Core/Cocos2d-x/jsb_sys.jsc,top-level,,Core/Cocos2d-x/jsb_sys.js,77
src_jsc/Core/Cocos2d-x/jsb.jsc,src_jsc/Core/Cocos2d-x/jsb_deprecated.jsc,top-level,,Core/Cocos2d-x/jsb_deprecated.js,84
src_jsc/Core/Cocos2d-x/jsb.jsc,src_jsc/Core/Cocos2d-x/CCNotificationCenter.jsc,top-level,,Core/Cocos2d-x/CCNotificationCenter.js,91
src_jsc/Core/Tools/headers.jsc,src_jsc/Core/Tools/ProductSys.jsc,top-level,,Core/Tools/ProductSys.js,23
src_jsc/Core/Tools/headers.jsc,src_jsc/Core/Tools/AccountSys.jsc,top-level,,Core/Tools/AccountSys.js,25
src_jsc/Core/Tools/headers.jsc,src_jsc/Core/Tools/PaySys.jsc,top-level,,Core/Tools/PaySys.js,27
src_jsc/Core/Tools/headers.jsc,src_jsc/Core/Tools/Jsb.jsc,top-level,,Core/Tools/Jsb.js,29
src_jsc/Core/Tools/headers.jsc,src_jsc/Core/Tools/String.jsc,top-level,,Core/Tools/String.js,31
src_jsc/Core/Tools/headers.jsc,src_jsc/Core/Tools/Statistic.jsc,top-level,,Core/Tools/Statistic.js,33
src_jsc/Core/headers.jsc,src_jsc/Core/Cocos2d-x/jsb.jsc,top-level,,Core/Cocos2d-x/jsb.js,28
src_jsc/Core/headers.jsc,src_jsc/Core/Constant.jsc,top-level,,Core/Constant.js,79
src_jsc/Core/headers.jsc,src_jsc/Core/CoreString.jsc,top-level,,Core/CoreString.js,86
src_jsc/Core/headers.jsc,src_jsc/Core/Utils/headers.jsc,top-level,,Core/Utils/headers.js,93
src_jsc/Core/headers.jsc,src_jsc/Core/Tools/headers.jsc,top-level,,Core/Tools/headers.js,100
src_jsc/Core/headers.jsc,src_jsc/Core/Debug/headers.jsc,top-level,,Core/Debug/headers.js,107
src_jsc/Core/headers.jsc,src_jsc/Core/Factorys/headers.jsc,top-level,,Core/Factorys/headers.js,114
src_jsc/Core/headers.jsc,src_jsc/Core/Scene/headers.jsc,top-level,,Core/Scene/headers.js,121
src_jsc/Core/headers.jsc,src_jsc/Core/alias.jsc,top-level,,Core/alias.js,128
src_jsc/Debug/headers.jsc,src_jsc/Debug/Logger.jsc,top-level,,Debug/Logger.js,27
src_jsc/Debug/headers.jsc,src_jsc/Debug/Debug.jsc,top-level,,Debug/Debug.js,29
src_jsc/Debug/headers.jsc,src_jsc/Debug/alias.jsc,top-level,,Debug/alias.js,31
src_jsc/EasySdk/headers.jsc,src_jsc/EasySdk/Account.jsc,top-level,,EasySdk/Account.js,36
src_jsc/EasySdk/headers.jsc,src_jsc/EasySdk/Payment.jsc,top-level,,EasySdk/Payment.js,38
src_jsc/Factorys/Skill/Item/headers.jsc,src_jsc/Factorys/Skill/Item/Item.jsc,top-level,,Factorys/Skill/Item/Item.js,27
src_jsc/Factorys/Skill/Item/headers.jsc,src_jsc/Factorys/Skill/Item/Timeline.jsc,top-level,,Factorys/Skill/Item/Timeline.js,29
src_jsc/Factorys/Skill/headers.jsc,src_jsc/Factorys/Skill/Skill.jsc,top-level,,Factorys/Skill/Skill.js,27
src_jsc/Factorys/Skill/headers.jsc,src_jsc/Factorys/Skill/Part.jsc,top-level,,Factorys/Skill/Part.js,29
src_jsc/Factorys/Skill/headers.jsc,src_jsc/Factorys/Skill/Item/headers.jsc,top-level,,Factorys/Skill/Item/headers.js,31
src_jsc/Factorys/headers.jsc,src_jsc/Factorys/BaseLabel.jsc,top-level,,Factorys/BaseLabel.js,27
src_jsc/Factorys/headers.jsc,src_jsc/Factorys/Label.jsc,top-level,,Factorys/Label.js,29
src_jsc/Factorys/headers.jsc,src_jsc/Factorys/LabelTTF.jsc,top-level,,Factorys/LabelTTF.js,31
src_jsc/Factorys/headers.jsc,src_jsc/Factorys/LabelBMFont.jsc,top-level,,Factorys/LabelBMFont.js,33
src_jsc/Factorys/headers.jsc,src_jsc/Factorys/Animate.jsc,top-level,,Factorys/Animate.js,35
src_jsc/Factorys/headers.jsc,src_jsc/Factorys/Sprite.jsc,top-level,,Factorys/Sprite.js,37
src_jsc/Factorys/headers.jsc,src_jsc/Factorys/Armature.jsc,top-level,,Factorys/Armature.js,39
src_jsc/Factorys/headers.jsc,src_jsc/Factorys/Add.jsc,top-level,,Factorys/Add.js,41
src_jsc/Factorys/headers.jsc,src_jsc/Factorys/String.jsc,top-level,,Factorys/String.js,43
src_jsc/Factorys/headers.jsc,src_jsc/Factorys/Particle.jsc,top-level,,Factorys/Particle.js,45
src_jsc/Factorys/headers.jsc,src_jsc/Factorys/Skill/headers.jsc,top-level,,Factorys/Skill/headers.js,47
src_jsc/Guide/headers.jsc,src_jsc/Guide/GuideStepPlugin.jsc,top-level,,Guide/GuideStepPlugin.js,27
src_jsc/Guide/headers.jsc,src_jsc/Guide/GuideMgr.jsc,top-level,,Guide/GuideMgr.js,29
src_jsc/Libs/Views/Armature/headers.jsc,src_jsc/Libs/Views/Armature/BaseArmature.jsc,top-level,,Libs/Views/Armature/BaseArmature.js,31
src_jsc/Libs/Views/Armature/headers.jsc,src_jsc/Libs/Views/Armature/alias.jsc,top-level,,Libs/Views/Armature/alias.js,33
src_jsc/Libs/Views/Button/headers.jsc,src_jsc/Libs/Views/Button/common.jsc,top-level,,Libs/Views/Button/common.js,18
src_jsc/Libs/Views/Button/headers.jsc,src_jsc/Libs/Views/Button/Factory.jsc,top-level,,Libs/Views/Button/Factory.js,20
src_jsc/Libs/Views/headers.jsc,src_jsc/Libs/Views/Armature/headers.jsc,top-level,,Libs/Views/Armature/headers.js,38
src_jsc/Libs/Views/headers.jsc,src_jsc/Libs/Views/Button/headers.jsc,top-level,,Libs/Views/Button/headers.js,40
src_jsc/Libs/Views/headers.jsc,src_jsc/Libs/Views/Layer/BaseLayer.jsc,top-level,,Libs/Views/Layer/BaseLayer.js,42
src_jsc/Libs/headers.jsc,src_jsc/Libs/Constant.jsc,top-level,,Libs/Constant.js,27
src_jsc/Libs/headers.jsc,src_jsc/Libs/Views/headers.jsc,top-level,,Libs/Views/headers.js,29
src_jsc/Libs/headers.jsc,src_jsc/Libs/CCExt.jsc,top-level,,Libs/CCExt.js,31
src_jsc/Libs/headers.jsc,src_jsc/Libs/alias.jsc,top-level,,Libs/alias.js,33
src_jsc/Models/Fight/headers.jsc,src_jsc/Models/Fight/FightInfo.jsc,top-level,,Models/Fight/FightInfo.js,29
src_jsc/Models/Fight/headers.jsc,src_jsc/Models/Fight/FightRoundItem.jsc,top-level,,Models/Fight/FightRoundItem.js,31
src_jsc/Models/Fight/headers.jsc,src_jsc/Models/Fight/FightRoundList.jsc,top-level,,Models/Fight/FightRoundList.js,33
src_jsc/Models/Game/headers.jsc,src_jsc/Models/Game/Package.jsc,top-level,,Models/Game/Package.js,24
src_jsc/Models/Res/headers.jsc,src_jsc/Models/Res/Map.jsc,top-level,,Models/Res/Map.js,29
src_jsc/Models/TmpInfo/headers.jsc,src_jsc/Models/TmpInfo/UsrUpgrade.jsc,top-level,,Models/TmpInfo/UsrUpgrade.js,29
src_jsc/Models/TmpInfo/headers.jsc,src_jsc/Models/TmpInfo/Fight.jsc,top-level,,Models/TmpInfo/Fight.js,31
src_jsc/Models/TmpInfo/headers.jsc,src_jsc/Models/TmpInfo/Adventure.jsc,top-level,,Models/TmpInfo/Adventure.js,33
src_jsc/Models/TmpInfo/headers.jsc,src_jsc/Models/TmpInfo/Achieve.jsc,top-level,,Models/TmpInfo/Achieve.js,35
src_jsc/Models/UpgradeCfg/headers.jsc,src_jsc/Models/UpgradeCfg/BaseUpgradeCfg.jsc,top-level,,Models/UpgradeCfg/BaseUpgradeCfg.js,29
src_jsc/Models/UpgradeCfg/headers.jsc,src_jsc/Models/UpgradeCfg/RefineGrowType.jsc,top-level,,Models/UpgradeCfg/RefineGrowType.js,31
src_jsc/Models/UpgradeCfg/headers.jsc,src_jsc/Models/UpgradeCfg/InsightGrowType.jsc,top-level,,Models/UpgradeCfg/InsightGrowType.js,33
src_jsc/Models/UpgradeCfg/headers.jsc,src_jsc/Models/UpgradeCfg/CombatUpgradeCfg.jsc,top-level,,Models/UpgradeCfg/CombatUpgradeCfg.js,35
src_jsc/Models/UpgradeCfg/headers.jsc,src_jsc/Models/UpgradeCfg/EatedExpUpgradeCfg.jsc,top-level,,Models/UpgradeCfg/EatedExpUpgradeCfg.js,37
src_jsc/Models/UpgradeCfg/headers.jsc,src_jsc/Models/UpgradeCfg/EquipmentCfg.jsc,top-level,,Models/UpgradeCfg/EquipmentCfg.js,39
src_jsc/Models/UpgradeCfg/headers.jsc,src_jsc/Models/UpgradeCfg/GeneralExpCfg.jsc,top-level,,Models/UpgradeCfg/GeneralExpCfg.js,41
src_jsc/Models/UpgradeCfg/headers.jsc,src_jsc/Models/UpgradeCfg/PlayerUpgradeCfg.jsc,top-level,,Models/UpgradeCfg/PlayerUpgradeCfg.js,43
src_jsc/Models/UpgradeCfg/headers.jsc,src_jsc/Models/UpgradeCfg/UpgradeCoinCfg.jsc,top-level,,Models/UpgradeCfg/UpgradeCoinCfg.js,45
src_jsc/Models/UpgradeCfg/headers.jsc,src_jsc/Models/UpgradeCfg/UpgradeExpCfg.jsc,top-level,,Models/UpgradeCfg/UpgradeExpCfg.js,47
src_jsc/Models/headers.jsc,src_jsc/Models/Base.jsc,top-level,,Models/Base.js,27
src_jsc/Models/headers.jsc,src_jsc/Models/BaseCfg.jsc,top-level,,Models/BaseCfg.js,29
src_jsc/Models/headers.jsc,src_jsc/Models/UpgradeCfg/headers.jsc,top-level,,Models/UpgradeCfg/headers.js,31
src_jsc/Models/headers.jsc,src_jsc/Models/Style/headers.jsc,top-level,,Models/Style/headers.js,33
src_jsc/Models/headers.jsc,src_jsc/Models/TmpInfo/headers.jsc,top-level,,Models/TmpInfo/headers.js,35
src_jsc/Models/headers.jsc,src_jsc/Models/Res/headers.jsc,top-level,,Models/Res/headers.js,37
src_jsc/Models/headers.jsc,src_jsc/Models/Fight/headers.jsc,top-level,,Models/Fight/headers.js,39
src_jsc/Models/headers.jsc,src_jsc/Models/PartyEvent.jsc,top-level,,Models/PartyEvent.js,41
src_jsc/Models/headers.jsc,src_jsc/Models/Party.jsc,top-level,,Models/Party.js,43
src_jsc/Models/headers.jsc,src_jsc/Models/Feast.jsc,top-level,,Models/Feast.js,45
src_jsc/Models/headers.jsc,src_jsc/Models/PushInfo.jsc,top-level,,Models/PushInfo.js,47
src_jsc/Models/headers.jsc,src_jsc/Models/AdInfo.jsc,top-level,,Models/AdInfo.js,49
src_jsc/Models/headers.jsc,src_jsc/Models/Resource.jsc,top-level,,Models/Resource.js,51
src_jsc/Models/headers.jsc,src_jsc/Models/Fate.jsc,top-level,,Models/Fate.js,53
src_jsc/Models/headers.jsc,src_jsc/Models/Card.jsc,top-level,,Models/Card.js,55
src_jsc/Models/headers.jsc,src_jsc/Models/Combat.jsc,top-level,,Models/Combat.js,57
src_jsc/Models/headers.jsc,src_jsc/Models/Equipment.jsc,top-level,,Models/Equipment.js,59
src_jsc/Models/headers.jsc,src_jsc/Models/EquipmentPiece.jsc,top-level,,Models/EquipmentPiece.js,61
src_jsc/Models/headers.jsc,src_jsc/Models/EquipmentExchange.jsc,top-level,,Models/EquipmentExchange.js,63
src_jsc/Models/headers.jsc,src_jsc/Models/SkillExpCfg.jsc,top-level,,Models/SkillExpCfg.js,65
src_jsc/Models/headers.jsc,src_jsc/Models/Skill.jsc,top-level,,Models/Skill.js,67
src_jsc/Models/headers.jsc,src_jsc/Models/SkillEffect.jsc,top-level,,Models/SkillEffect.js,69
src_jsc/Models/headers.jsc,src_jsc/Models/General.jsc,top-level,,Models/General.js,71
src_jsc/Models/headers.jsc,src_jsc/Models/GeneralSoul.jsc,top-level,,Models/GeneralSoul.js,73
src_jsc/Models/headers.jsc,src_jsc/Models/TeamGeneral.jsc,top-level,,Models/TeamGeneral.js,75
src_jsc/Models/headers.jsc,src_jsc/Models/Good.jsc,top-level,,Models/Good.js,77
src_jsc/Models/headers.jsc,src_jsc/Models/Item.jsc,top-level,,Models/Item.js,79
src_jsc/Models/headers.jsc,src_jsc/Models/Add.jsc,top-level,,Models/Add.js,81
src_jsc/Models/headers.jsc,src_jsc/Models/AddShowList.jsc,top-level,,Models/AddShowList.js,83
src_jsc/Models/headers.jsc,src_jsc/Models/Player.jsc,top-level,,Models/Player.js,85
src_jsc/Models/headers.jsc,src_jsc/Models/VipCfg.jsc,top-level,,Models/VipCfg.js,87
src_jsc/Models/headers.jsc,src_jsc/Models/PlayerAttr.jsc,top-level,,Models/PlayerAttr.js,89
src_jsc/Models/headers.jsc,src_jsc/Models/Union.jsc,top-level,,Models/Union.js,91
src_jsc/Models/headers.jsc,src_jsc/Models/UnionMember.jsc,top-level,,Models/UnionMember.js,93
src_jsc/Models/headers.jsc,src_jsc/Models/Game/headers.jsc,top-level,,Models/Game/headers.js,95
src_jsc/Models/headers.jsc,src_jsc/Models/FightStoryItem.jsc,top-level,,Models/FightStoryItem.js,97
src_jsc/Models/headers.jsc,src_jsc/Models/GeneralTraining.jsc,top-level,,Models/GeneralTraining.js,99
src_jsc/Models/headers.jsc,src_jsc/Models/CultureMedicine.jsc,top-level,,Models/CultureMedicine.js,101
src_jsc/Models/headers.jsc,src_jsc/Models/HD.jsc,top-level,,Models/HD.js,103
src_jsc/Models/headers.jsc,src_jsc/Models/Chapter.jsc,top-level,,Models/Chapter.js,107
src_jsc/Models/headers.jsc,src_jsc/Models/Dungeon.jsc,top-level,,Models/Dungeon.js,109
src_jsc/Models/headers.jsc,src_jsc/Models/TreasureBox.jsc,top-level,,Models/TreasureBox.js,111
src_jsc/Models/headers.jsc,src_jsc/Models/ToastModel.jsc,top-level,,Models/ToastModel.js,113
src_jsc/Models/headers.jsc,src_jsc/Models/ToastResult.jsc,top-level,,Models/ToastResult.js,115
src_jsc/Models/headers.jsc,src_jsc/Models/ShowData.jsc,top-level,,Models/ShowData.js,117
src_jsc/Models/headers.jsc,src_jsc/Models/DataWrapped.jsc,top-level,,Models/DataWrapped.js,119
src_jsc/Models/headers.jsc,src_jsc/Models/Atlas.jsc,top-level,,Models/Atlas.js,121
src_jsc/Models/headers.jsc,src_jsc/Models/BreachModel.jsc,top-level,,Models/BreachModel.js,123
src_jsc/Models/headers.jsc,src_jsc/Models/TransmissionModel.jsc,top-level,,Models/TransmissionModel.js,125
src_jsc/Models/headers.jsc,src_jsc/Models/SellCfg.jsc,top-level,,Models/SellCfg.js,127
src_jsc/Models/headers.jsc,src_jsc/Models/LadderModel.jsc,top-level,,Models/LadderModel.js,129
src_jsc/Models/headers.jsc,src_jsc/Models/OtherPlayerInfo.jsc,top-level,,Models/OtherPlayerInfo.js,131
src_jsc/Models/headers.jsc,src_jsc/Models/SkillPiece.jsc,top-level,,Models/SkillPiece.js,133
src_jsc/Models/headers.jsc,src_jsc/Models/Surrender.jsc,top-level,,Models/Surrender.js,135
src_jsc/Models/headers.jsc,src_jsc/Models/Mail.jsc,top-level,,Models/Mail.js,137
src_jsc/Models/headers.jsc,src_jsc/Models/HintModel.jsc,top-level,,Models/HintModel.js,139
src_jsc/Models/headers.jsc,src_jsc/Models/Chat.jsc,top-level,,Models/Chat.js,141
src_jsc/Models/headers.jsc,src_jsc/Models/ChatMessageManager.jsc,top-level,,Models/ChatMessageManager.js,143
src_jsc/Models/headers.jsc,src_jsc/Models/DailyAdventure.jsc,top-level,,Models/DailyAdventure.js,145
src_jsc/Models/headers.jsc,src_jsc/Models/Task.jsc,top-level,,Models/Task.js,147
src_jsc/Models/headers.jsc,src_jsc/Models/BuddyGeneral.jsc,top-level,,Models/BuddyGeneral.js,149
src_jsc/Models/headers.jsc,src_jsc/Models/UnionWar.jsc,top-level,,Models/UnionWar.js,151
src_jsc/Models/headers.jsc,src_jsc/Models/UnionWarPlayer.jsc,top-level,,Models/UnionWarPlayer.js,153
src_jsc/Models/headers.jsc,src_jsc/Models/UnionWarBattleInfo.jsc,top-level,,Models/UnionWarBattleInfo.js,155
src_jsc/Models/headers.jsc,src_jsc/Models/UnionWarFightingProcess.jsc,top-level,,Models/UnionWarFightingProcess.js,157
src_jsc/Models/headers.jsc,src_jsc/Models/UnionWarBattleFightInfo.jsc,top-level,,Models/UnionWarBattleFightInfo.js,159
src_jsc/Models/headers.jsc,src_jsc/Models/Gems.jsc,top-level,,Models/Gems.js,161
src_jsc/Models/headers.jsc,src_jsc/Models/WorshipEntry.jsc,top-level,,Models/WorshipEntry.js,163
src_jsc/Models/headers.jsc,src_jsc/Models/Account/AccountInfo.jsc,top-level,,Models/Account/AccountInfo.js,165
src_jsc/Models/headers.jsc,src_jsc/Models/MagicalEqu.jsc,top-level,,Models/MagicalEqu.js,167
src_jsc/Models/headers.jsc,src_jsc/Models/MagicalEquPoint.jsc,top-level,,Models/MagicalEquPoint.js,169
src_jsc/Models/headers.jsc,src_jsc/Models/Goddess.jsc,top-level,,Models/Goddess.js,171
src_jsc/Models/headers.jsc,src_jsc/Models/MeltCfg.jsc,top-level,,Models/MeltCfg.js,173
src_jsc/Models/headers.jsc,src_jsc/Models/MeridianTop.jsc,top-level,,Models/MeridianTop.js,175
src_jsc/Models/headers.jsc,src_jsc/Models/Meridian.jsc,top-level,,Models/Meridian.js,177
src_jsc/Models/headers.jsc,src_jsc/Models/MeridianPoint.jsc,top-level,,Models/MeridianPoint.js,179
src_jsc/Models/headers.jsc,src_jsc/Models/GoddessFate.jsc,top-level,,Models/GoddessFate.js,181
src_jsc/Models/headers.jsc,src_jsc/Models/EvolutionInfo.jsc,top-level,,Models/EvolutionInfo.js,183
src_jsc/Models/headers.jsc,src_jsc/Models/GeneralPreview.jsc,top-level,,Models/GeneralPreview.js,185
src_jsc/Profile/GameData/headers.jsc,src_jsc/Profile/GameData/common.jsc,top-level,,Profile/GameData/common.js,27
src_jsc/Profile/GameData/headers.jsc,src_jsc/Profile/GameData/Index.jsc,top-level,,Profile/GameData/Index.js,29
src_jsc/Profile/GameData/headers.jsc,src_jsc/Profile/GameData/Base.jsc,top-level,,Profile/GameData/Base.js,31
src_jsc/Profile/GameData/headers.jsc,src_jsc/Profile/GameData/Player.jsc,top-level,,Profile/GameData/Player.js,33
src_jsc/Profile/GameData/headers.jsc,src_jsc/Profile/GameData/Combat.jsc,top-level,,Profile/GameData/Combat.js,35
src_jsc/Profile/GameData/headers.jsc,src_jsc/Profile/GameData/Equipments.jsc,top-level,,Profile/GameData/Equipments.js,37
src_jsc/Profile/GameData/headers.jsc,src_jsc/Profile/GameData/EquipmentPieces.jsc,top-level,,Profile/GameData/EquipmentPieces.js,39
src_jsc/Profile/GameData/headers.jsc,src_jsc/Profile/GameData/Generals.jsc,top-level,,Profile/GameData/Generals.js,41
src_jsc/Profile/GameData/headers.jsc,src_jsc/Profile/GameData/GeneralSouls.jsc,top-level,,Profile/GameData/GeneralSouls.js,43
src_jsc/Profile/GameData/headers.jsc,src_jsc/Profile/GameData/Team.jsc,top-level,,Profile/GameData/Team.js,45
src_jsc/Profile/GameData/headers.jsc,src_jsc/Profile/GameData/Skills.jsc,top-level,,Profile/GameData/Skills.js,47
src_jsc/Profile/GameData/headers.jsc,src_jsc/Profile/GameData/Items.jsc,top-level,,Profile/GameData/Items.js,49
src_jsc/Profile/GameData/headers.jsc,src_jsc/Profile/GameData/Map.jsc,top-level,,Profile/GameData/Map.js,51
src_jsc/Profile/GameData/headers.jsc,src_jsc/Profile/GameData/ToastInfo.jsc,top-level,,Profile/GameData/ToastInfo.js,53
src_jsc/Profile/GameData/headers.jsc,src_jsc/Profile/GameData/Atlas.jsc,top-level,,Profile/GameData/Atlas.js,55
src_jsc/Profile/GameData/headers.jsc,src_jsc/Profile/GameData/CardShowData.jsc,top-level,,Profile/GameData/CardShowData.js,57
src_jsc/Profile/GameData/headers.jsc,src_jsc/Profile/GameData/Fate.jsc,top-level,,Profile/GameData/Fate.js,59
src_jsc/Profile/GameData/headers.jsc,src_jsc/Profile/GameData/LadderInfo.jsc,top-level,,Profile/GameData/LadderInfo.js,61
src_jsc/Profile/GameData/headers.jsc,src_jsc/Profile/GameData/SkillPieces.jsc,top-level,,Profile/GameData/SkillPieces.js,63
src_jsc/Profile/GameData/headers.jsc,src_jsc/Profile/GameData/Mgr.jsc,top-level,,Profile/GameData/Mgr.js,65
src_jsc/Profile/GameData/headers.jsc,src_jsc/Profile/GameData/Hint.jsc,top-level,,Profile/GameData/Hint.js,67
src_jsc/Profile/GameData/headers.jsc,src_jsc/Profile/GameData/Union.jsc,top-level,,Profile/GameData/Union.js,69
src_jsc/Profile/GameData/headers.jsc,src_jsc/Profile/GameData/Buddy.jsc,top-level,,Profile/GameData/Buddy.js,71
src_jsc/Profile/GameData/headers.jsc,src_jsc/Profile/GameData/UnionWar.jsc,top-level,,Profile/GameData/UnionWar.js,73
src_jsc/Profile/GameData/headers.jsc,src_jsc/Profile/GameData/Gems.jsc,top-level,,Profile/GameData/Gems.js,75
src_jsc/Profile/GameData/headers.jsc,src_jsc/Profile/GameData/MagicalEqus.jsc,top-level,,Profile/GameData/MagicalEqus.js,77
src_jsc/Profile/GameData/headers.jsc,src_jsc/Profile/GameData/Goddess.jsc,top-level,,Profile/GameData/Goddess.js,79
src_jsc/Profile/GameData/headers.jsc,src_jsc/Profile/GameData/MeridianTops.jsc,top-level,,Profile/GameData/MeridianTops.js,81
src_jsc/Profile/GameData/headers.jsc,src_jsc/Profile/GameData/HuLaoBattleData.jsc,top-level,,Profile/GameData/HuLaoBattleData.js,83
src_jsc/Profile/GameData/headers.jsc,src_jsc/Profile/GameData/BuyPeachPriceData.jsc,top-level,,Profile/GameData/BuyPeachPriceData.js,85
src_jsc/Profile/GameData/headers.jsc,src_jsc/Profile/GameData/PushInfo.jsc,top-level,,Profile/GameData/PushInfo.js,87
src_jsc/Profile/GameData/headers.jsc,src_jsc/Profile/GameData/GoddessFate.jsc,top-level,,Profile/GameData/GoddessFate.js,89
src_jsc/Profile/GameData/headers.jsc,src_jsc/Profile/GameData/EvolutionInfos.jsc,top-level,,Profile/GameData/EvolutionInfos.js,91
src_jsc/Profile/GameData/headers.jsc,src_jsc/Profile/GameData/AdInfo.jsc,top-level,,Profile/GameData/AdInfo.js,93
src_jsc/Profile/headers.jsc,src_jsc/Profile/UserCfg.jsc,top-level,,Profile/UserCfg.js,27
src_jsc/Profile/headers.jsc,src_jsc/Profile/GameData/headers.jsc,top-level,,Profile/GameData/headers.js,29
src_jsc/Profile/headers.jsc,src_jsc/Profile/Permission.jsc,top-level,,Profile/Permission.js,31
src_jsc/Profile/headers.jsc,src_jsc/Profile/Account.jsc,top-level,,Profile/Account.js,33
src_jsc/Profile/headers.jsc,src_jsc/Profile/alias.jsc,top-level,,Profile/alias.js,35
src_jsc/Prototype/headers.jsc,src_jsc/Prototype/Object.jsc,top-level,,Prototype/Object.js,27
src_jsc/Prototype/headers.jsc,src_jsc/Prototype/Function.jsc,top-level,,Prototype/Function.js,29
src_jsc/Prototype/headers.jsc,src_jsc/Prototype/Array.jsc,top-level,,Prototype/Array.js,31
src_jsc/Prototype/headers.jsc,src_jsc/Prototype/Number.jsc,top-level,,Prototype/Number.js,33
src_jsc/Prototype/headers.jsc,src_jsc/Prototype/String.jsc,top-level,,Prototype/String.js,35
src_jsc/Prototype/headers.jsc,src_jsc/Prototype/Class.jsc,top-level,,Prototype/Class.js,37
src_jsc/Prototype/headers.jsc,src_jsc/Prototype/Node.jsc,top-level,,Prototype/Node.js,39
src_jsc/Scene/Fight/headers.jsc,src_jsc/Scene/Fight/FightScene.jsc,top-level,,Scene/Fight/FightScene.js,29
src_jsc/Scene/Fight/headers.jsc,src_jsc/Scene/Fight/SkillNameEx.jsc,top-level,,Scene/Fight/SkillNameEx.js,31
src_jsc/Scene/Login/headers.jsc,src_jsc/Views/ServerSelectView.jsc,top-level,,Views/ServerSelectView.js,39
src_jsc/Scene/Login/headers.jsc,src_jsc/Scene/Login/LoginScene_BfSdk.jsc,top-level,,Scene/Login/LoginScene_BfSdk.js,73
src_jsc/Scene/Login/headers.jsc,src_jsc/Scene/Login/LoginScene_AnySdk.jsc,top-level,,Scene/Login/LoginScene_AnySdk.js,96
src_jsc/Scene/Login/headers.jsc,src_jsc/Scene/Login/LoginScene_ThirdGuestSdk.jsc,top-level,,Scene/Login/LoginScene_ThirdGuestSdk.js,137
src_jsc/Scene/Login/headers.jsc,src_jsc/Scene/Login/LoginScene_ThirdSdk.jsc,top-level,,Scene/Login/LoginScene_ThirdSdk.js,160
src_jsc/Scene/Login/headers.jsc,src_jsc/Scene/Login/LoginScene_EasyGuestSdk.jsc,top-level,,Scene/Login/LoginScene_EasyGuestSdk.js,201
src_jsc/Scene/Login/headers.jsc,src_jsc/Scene/Login/LoginScene_EasySdk.jsc,top-level,,Scene/Login/LoginScene_EasySdk.js,203
src_jsc/Scene/Mail/headers.jsc,src_jsc/Scene/Mail/MailView.jsc,top-level,,Scene/Mail/MailView.js,18
src_jsc/Scene/Mail/headers.jsc,src_jsc/Scene/Mail/MailSystemScene.jsc,top-level,,Scene/Mail/MailSystemScene.js,20
src_jsc/Scene/Party/headers.jsc,src_jsc/Scene/Party/MonthLegendDialog.jsc,top-level,,Scene/Party/MonthLegendDialog.js,29
src_jsc/Scene/Party/headers.jsc,src_jsc/Scene/Party/PartyDialog.jsc,top-level,,Scene/Party/PartyDialog.js,31
src_jsc/Scene/Party/headers.jsc,src_jsc/Scene/Party/PartyDialogExt.jsc,top-level,,Scene/Party/PartyDialogExt.js,33
src_jsc/Scene/Party/headers.jsc,src_jsc/Scene/Party/RechargeAwardDialog.jsc,top-level,,Scene/Party/RechargeAwardDialog.js,35
src_jsc/Scene/Party/headers.jsc,src_jsc/Scene/Party/PictureActivityDialog.jsc,top-level,,Scene/Party/PictureActivityDialog.js,37
src_jsc/Scene/Party/headers.jsc,src_jsc/Scene/Party/LadderCompetitionDialog.jsc,top-level,,Scene/Party/LadderCompetitionDialog.js,39
src_jsc/Scene/Party/headers.jsc,src_jsc/Scene/Party/RechargeRankDialog.jsc,top-level,,Scene/Party/RechargeRankDialog.js,41
src_jsc/Scene/Party/headers.jsc,src_jsc/Scene/Party/Double11Dialog.jsc,top-level,,Scene/Party/Double11Dialog.js,43
src_jsc/Scene/Social/headers.jsc,src_jsc/Scene/Social/SocialScene.jsc,top-level,,Scene/Social/SocialScene.js,29
src_jsc/Scene/Social/headers.jsc,src_jsc/Scene/Social/SocialView.jsc,top-level,,Scene/Social/SocialView.js,31
src_jsc/Scene/SubMenu/headers.jsc,src_jsc/Scene/SubMenu/MenuMenuScene.jsc,top-level,,Scene/SubMenu/MenuMenuScene.js,29
src_jsc/Scene/SubMenu/headers.jsc,src_jsc/Scene/SubMenu/ChallengeMenuScene.jsc,top-level,,Scene/SubMenu/ChallengeMenuScene.js,31
src_jsc/Scene/SubMenu/headers.jsc,src_jsc/Scene/SubMenu/GeneralMenuScene.jsc,top-level,,Scene/SubMenu/GeneralMenuScene.js,33
src_jsc/Scene/SubMenu/headers.jsc,src_jsc/Scene/SubMenu/PartyMenuScene.jsc,top-level,,Scene/SubMenu/PartyMenuScene.js,35
src_jsc/Scene/TeamBuild/headers.jsc,src_jsc/Scene/TeamBuild/TeamMemberNavigation.jsc,top-level,,Scene/TeamBuild/TeamMemberNavigation.js,34
src_jsc/Scene/TeamBuild/headers.jsc,src_jsc/Scene/TeamBuild/TeamBuildScene_V2.jsc,top-level,,Scene/TeamBuild/TeamBuildScene_V2.js,36
src_jsc/Scene/TeamBuild/headers.jsc,src_jsc/Scene/TeamBuild/TeamBuildScene.jsc,top-level,,Scene/TeamBuild/TeamBuildScene.js,41
src_jsc/Scene/headers.jsc,src_jsc/Scene/SceneMgr.jsc,top-level,,Scene/SceneMgr.js,27
src_jsc/Scene/headers.jsc,src_jsc/Scene/TeamBuild/headers.jsc,top-level,,Scene/TeamBuild/headers.js,29
src_jsc/Scene/headers.jsc,src_jsc/Scene/Skill/SkillScene.jsc,top-level,,Scene/Skill/SkillScene.js,31
src_jsc/Scene/headers.jsc,src_jsc/Scene/Buddy/BuddyScene.jsc,top-level,,Scene/Buddy/BuddyScene.js,33
src_jsc/Scene/headers.jsc,src_jsc/Scene/Buddy/BuddyView.jsc,top-level,,Scene/Buddy/BuddyView.js,35
src_jsc/Scene/headers.jsc,src_jsc/Scene/UnionWar/UnionWarBattleScene.jsc,top-level,,Scene/UnionWar/UnionWarBattleScene.js,37
src_jsc/Scene/headers.jsc,src_jsc/Scene/UnionWar/UnionWarChangeFormationScene.jsc,top-level,,Scene/UnionWar/UnionWarChangeFormationScene.js,39
src_jsc/Scene/headers.jsc,src_jsc/Scene/UnionWar/UnionWarFightScene.jsc,top-level,,Scene/UnionWar/UnionWarFightScene.js,41
src_jsc/Scene/headers.jsc,src_jsc/Scene/Gems/GemsScene.jsc,top-level,,Scene/Gems/GemsScene.js,43
src_jsc/Scene/headers.jsc,src_jsc/Scene/Goddess/GoddessMainScene.jsc,top-level,,Scene/Goddess/GoddessMainScene.js,45
src_jsc/Scene/headers.jsc,src_jsc/Scene/HulaoBattle/HulaoBattleMainScene.jsc,top-level,,Scene/HulaoBattle/HulaoBattleMainScene.js,47
src_jsc/Scene/headers.jsc,src_jsc/Scene/Party/headers.jsc,top-level,,Scene/Party/headers.js,49
src_jsc/Scene/headers.jsc,src_jsc/Scene/Debug/DebugScene.jsc,top-level,,Scene/Debug/DebugScene.js,79
src_jsc/Scene/headers.jsc,src_jsc/Scene/Social/headers.jsc,top-level,,Scene/Social/headers.js,93
src_jsc/Scene/headers.jsc,src_jsc/Scene/Mail/headers.jsc,top-level,,Scene/Mail/headers.js,107
src_jsc/Scene/headers.jsc,src_jsc/Scene/Login/headers.jsc,top-level,,Scene/Login/headers.js,121
src_jsc/Scene/headers.jsc,src_jsc/Scene/Ladder/LadderScene.jsc,top-level,,Scene/Ladder/LadderScene.js,136
src_jsc/Scene/headers.jsc,src_jsc/Scene/Ladder/LadderGiftView.jsc,top-level,,Scene/Ladder/LadderGiftView.js,138
src_jsc/Scene/headers.jsc,src_jsc/Scene/Ladder/LadderGiftView_Honor.jsc,top-level,,Scene/Ladder/LadderGiftView_Honor.js,140
src_jsc/Scene/headers.jsc,src_jsc/Scene/Ladder/LadderView.jsc,top-level,,Scene/Ladder/LadderView.js,142
src_jsc/Scene/headers.jsc,src_jsc/Scene/Ladder/LadderCardShow.jsc,top-level,,Scene/Ladder/LadderCardShow.js,144
src_jsc/Scene/headers.jsc,src_jsc/Scene/Ladder/LadderTenFightResultDialog.jsc,top-level,,Scene/Ladder/LadderTenFightResultDialog.js,146
src_jsc/Scene/headers.jsc,src_jsc/Scene/Ladder/LadderChartScene.jsc,top-level,,Scene/Ladder/LadderChartScene.js,163
src_jsc/Scene/headers.jsc,src_jsc/Scene/Ladder/LadderChartView.jsc,top-level,,Scene/Ladder/LadderChartView.js,165
src_jsc/Scene/headers.jsc,src_jsc/Scene/GeneralSelect/GeneralSelectScene.jsc,top-level,,Scene/GeneralSelect/GeneralSelectScene.js,181
src_jsc/Scene/headers.jsc,src_jsc/Scene/Achievement/AchievementScene.jsc,top-level,,Scene/Achievement/AchievementScene.js,195
src_jsc/Scene/headers.jsc,src_jsc/Scene/Worship/WorshipScene.jsc,top-level,,Scene/Worship/WorshipScene.js,209
src_jsc/Scene/headers.jsc,src_jsc/Scene/Bag/BagScene.jsc,top-level,,Scene/Bag/BagScene.js,223
src_jsc/Scene/headers.jsc,src_jsc/Scene/Main/MainMenuScene.jsc,top-level,,Scene/Main/MainMenuScene.js,237
src_jsc/Scene/headers.jsc,src_jsc/Scene/Party/WishingScene.jsc,top-level,,Scene/Party/WishingScene.js,251
src_jsc/Scene/headers.jsc,src_jsc/Scene/Chaos/ChaosScene.jsc,top-level,,Scene/Chaos/ChaosScene.js,266
src_jsc/Scene/headers.jsc,src_jsc/Scene/Chaos/ChaosFight.jsc,top-level,,Scene/Chaos/ChaosFight.js,268
src_jsc/Scene/headers.jsc,src_jsc/Scene/Chaos/ChaosHomeView.jsc,top-level,,Scene/Chaos/ChaosHomeView.js,270
src_jsc/Scene/headers.jsc,src_jsc/Scene/Chaos/ChaosFightScene.jsc,top-level,,Scene/Chaos/ChaosFightScene.js,287
src_jsc/Scene/headers.jsc,src_jsc/Scene/Combat/CombatScene.jsc,top-level,,Scene/Combat/CombatScene.js,304
src_jsc/Scene/headers.jsc,src_jsc/Scene/Combat/CombatUpgradeScene.jsc,top-level,,Scene/Combat/CombatUpgradeScene.js,306
src_jsc/Scene/headers.jsc,src_jsc/Scene/Combat/CombatCardView.jsc,top-level,,Scene/Combat/CombatCardView.js,308
src_jsc/Scene/headers.jsc,src_jsc/Scene/Develop/DevelopScene.jsc,top-level,,Scene/Develop/DevelopScene.js,325
src_jsc/Scene/headers.jsc,src_jsc/Scene/Develop/AlchemyView.jsc,top-level,,Scene/Develop/AlchemyView.js,327
src_jsc/Scene/headers.jsc,src_jsc/Scene/Store/StoreScene.jsc,top-level,,Scene/Store/StoreScene.js,344
src_jsc/Scene/headers.jsc,src_jsc/Scene/Store/ToastView.jsc,top-level,,Scene/Store/ToastView.js,346
src_jsc/Scene/headers.jsc,src_jsc/Scene/FightChapter/FightChapters.jsc,top-level,,Scene/FightChapter/FightChapters.js,363
src_jsc/Scene/headers.jsc,src_jsc/Scene/FightChapter/DungeonView.jsc,top-level,,Scene/FightChapter/DungeonView.js,365
src_jsc/Scene/headers.jsc,src_jsc/Scene/Aga/AgaScene.jsc,top-level,,Scene/Aga/AgaScene.js,382
src_jsc/Scene/headers.jsc,src_jsc/Scene/Awake/AwakeBoxScene.jsc,top-level,,Scene/Awake/AwakeBoxScene.js,399
src_jsc/Scene/headers.jsc,src_jsc/Scene/Awake/AwakeBoxView.jsc,top-level,,Scene/Awake/AwakeBoxView.js,401
src_jsc/Scene/headers.jsc,src_jsc/Scene/Awake/AwakeScene.jsc,top-level,,Scene/Awake/AwakeScene.js,418
src_jsc/Scene/headers.jsc,src_jsc/Scene/Copy/BossCell.jsc,top-level,,Scene/Copy/BossCell.js,435
src_jsc/Scene/headers.jsc,src_jsc/Scene/Copy/CopyScene.jsc,top-level,,Scene/Copy/CopyScene.js,437
src_jsc/Scene/headers.jsc,src_jsc/Scene/Copy/PlantCopyScene.jsc,top-level,,Scene/Copy/PlantCopyScene.js,456
src_jsc/Scene/headers.jsc,src_jsc/Scene/Copy/MemorialCopyScene.jsc,top-level,,Scene/Copy/MemorialCopyScene.js,475
src_jsc/Scene/headers.jsc,src_jsc/Scene/Copy/LabourlCopyScene.jsc,top-level,,Scene/Copy/LabourlCopyScene.js,494
src_jsc/Scene/headers.jsc,src_jsc/Scene/Copy/DuanWuCopyScene.jsc,top-level,,Scene/Copy/DuanWuCopyScene.js,513
src_jsc/Scene/headers.jsc,src_jsc/Scene/Copy/PublicCopyScene.jsc,top-level,,Scene/Copy/PublicCopyScene.js,532
src_jsc/Scene/headers.jsc,src_jsc/Scene/Training/GeneralTraningScene.jsc,top-level,,Scene/Training/GeneralTraningScene.js,549
src_jsc/Scene/headers.jsc,src_jsc/Scene/Equ/EquipmentScene.jsc,top-level,,Scene/Equ/EquipmentScene.js,566
src_jsc/Scene/headers.jsc,src_jsc/Scene/Setting/SettingScene.jsc,top-level,,Scene/Setting/SettingScene.js,583
src_jsc/Scene/headers.jsc,src_jsc/Scene/Setting/ContactGMScene.jsc,top-level,,Scene/Setting/ContactGMScene.js,585
src_jsc/Scene/headers.jsc,src_jsc/Scene/Fight/headers.jsc,top-level,,Scene/Fight/headers.js,615
src_jsc/Scene/headers.jsc,src_jsc/Scene/SubMenu/MenuMenuScene.jsc,top-level,,Scene/SubMenu/MenuMenuScene.js,643
src_jsc/Scene/headers.jsc,src_jsc/Scene/SubMenu/ChallengeMenuScene.jsc,top-level,,Scene/SubMenu/ChallengeMenuScene.js,657
src_jsc/Scene/headers.jsc,src_jsc/Scene/SubMenu/GeneralMenuScene.jsc,top-level,,Scene/SubMenu/GeneralMenuScene.js,671
src_jsc/Scene/headers.jsc,src_jsc/Scene/SubMenu/PartyMenuScene.jsc,top-level,,Scene/SubMenu/PartyMenuScene.js,686
src_jsc/Scene/headers.jsc,src_jsc/Scene/Climb/ClimbLadderScene.jsc,top-level,,Scene/Climb/ClimbLadderScene.js,703
src_jsc/Scene/headers.jsc,src_jsc/Scene/Climb/StartBattleScene.jsc,top-level,,Scene/Climb/StartBattleScene.js,705
src_jsc/Scene/headers.jsc,src_jsc/Scene/Climb/ClimbLadderRankListScene.jsc,top-level,,Scene/Climb/ClimbLadderRankListScene.js,722
src_jsc/Scene/headers.jsc,src_jsc/Scene/Rank/RankScene.jsc,top-level,,Scene/Rank/RankScene.js,739
src_jsc/Scene/headers.jsc,src_jsc/Scene/NewPlayer/NewPlayerScene.jsc,top-level,,Scene/NewPlayer/NewPlayerScene.js,755
src_jsc/Scene/headers.jsc,src_jsc/Scene/InterService/InterServiceRegistrationScene.jsc,top-level,,Scene/InterService/InterServiceRegistrationScene.js,770
src_jsc/Scene/headers.jsc,src_jsc/Scene/InterService/InterServiceFightScene.jsc,top-level,,Scene/InterService/InterServiceFightScene.js,772
src_jsc/Scene/headers.jsc,src_jsc/Scene/InterService/PopularityRewardScene.jsc,top-level,,Scene/InterService/PopularityRewardScene.js,774
src_jsc/Scene/headers.jsc,src_jsc/Scene/InterService/InterServiceWorshipScene.jsc,top-level,,Scene/InterService/InterServiceWorshipScene.js,776
src_jsc/Scene/headers.jsc,src_jsc/Scene/MiracleWeapons/SelectMiracleWeaponsScene.jsc,top-level,,Scene/MiracleWeapons/SelectMiracleWeaponsScene.js,793
src_jsc/Scene/headers.jsc,src_jsc/Scene/MiracleWeapons/MiracleWeaponScene.jsc,top-level,,Scene/MiracleWeapons/MiracleWeaponScene.js,795
src_jsc/Scene/headers.jsc,src_jsc/Scene/DecisiveBattle/DecisiveBattleMainScene.jsc,top-level,,Scene/DecisiveBattle/DecisiveBattleMainScene.js,812
src_jsc/Scene/headers.jsc,src_jsc/Scene/DecisiveBattle/SupportAwardScene.jsc,top-level,,Scene/DecisiveBattle/SupportAwardScene.js,814
src_jsc/Scene/headers.jsc,src_jsc/Scene/DecisiveBattle/DecisiveBattlePreviewScene.jsc,top-level,,Scene/DecisiveBattle/DecisiveBattlePreviewScene.js,816
src_jsc/Scene/headers.jsc,src_jsc/Scene/Meridians/MeridiansMainScene.jsc,top-level,,Scene/Meridians/MeridiansMainScene.js,833
src_jsc/Scene/headers.jsc,src_jsc/Scene/Meridians/PracticeMeridiansMainScene.jsc,top-level,,Scene/Meridians/PracticeMeridiansMainScene.js,850
src_jsc/Scene/headers.jsc,src_jsc/Scene/Beauty/BeautyCell.jsc,top-level,,Scene/Beauty/BeautyCell.js,867
src_jsc/Scene/headers.jsc,src_jsc/Scene/Beauty/BeautyScene.jsc,top-level,,Scene/Beauty/BeautyScene.js,869
src_jsc/Scene/headers.jsc,src_jsc/Scene/SkillRefining/SkillRefiningScene.jsc,top-level,,Scene/SkillRefining/SkillRefiningScene.js,886
src_jsc/Skill/headers.jsc,src_jsc/Skill/Impl.jsc,top-level,,Skill/Impl.js,48
src_jsc/Skill/headers.jsc,src_jsc/Skill/Skill.jsc,top-level,,Skill/Skill.js,50
src_jsc/Skill/headers.jsc,src_jsc/Skill/SkillOpen.jsc,top-level,,Skill/SkillOpen.js,52
src_jsc/Skill/headers.jsc,src_jsc/Skill/SkillAttack.jsc,top-level,,Skill/SkillAttack.js,54
src_jsc/Skill/headers.jsc,src_jsc/Skill/SkillStatus.jsc,top-level,,Skill/SkillStatus.js,56
src_jsc/Skill/headers.jsc,src_jsc/Skill/SkillBuff.jsc,top-level,,Skill/SkillBuff.js,58
src_jsc/Skill/headers.jsc,src_jsc/Skill/SkillHitBack.jsc,top-level,,Skill/SkillHitBack.js,60
src_jsc/Skill/headers.jsc,src_jsc/Skill/SkillProximal.jsc,top-level,,Skill/SkillProximal.js,62
src_jsc/Skill/headers.jsc,src_jsc/Skill/SkillRemote.jsc,top-level,,Skill/SkillRemote.js,64
src_jsc/Skill/headers.jsc,src_jsc/Skill/SkillAbsorb.jsc,top-level,,Skill/SkillAbsorb.js,66
src_jsc/Skill/headers.jsc,src_jsc/Skill/SkillGhost.jsc,top-level,,Skill/SkillGhost.js,68
src_jsc/Skill/headers.jsc,src_jsc/Skill/SkillGoddess.jsc,top-level,,Skill/SkillGoddess.js,70
src_jsc/Skill/headers.jsc,src_jsc/Skill/Part.jsc,top-level,,Skill/Part.js,72
src_jsc/Skill/headers.jsc,src_jsc/Skill/PartOpen.jsc,top-level,,Skill/PartOpen.js,74
src_jsc/Skill/headers.jsc,src_jsc/Skill/PartHurt.jsc,top-level,,Skill/PartHurt.js,76
src_jsc/Skill/headers.jsc,src_jsc/Skill/PartAttack.jsc,top-level,,Skill/PartAttack.js,78
src_jsc/Skill/headers.jsc,src_jsc/Skill/PartBuff.jsc,top-level,,Skill/PartBuff.js,80
src_jsc/Skill/headers.jsc,src_jsc/Skill/PartStatus.jsc,top-level,,Skill/PartStatus.js,82
src_jsc/Skill/headers.jsc,src_jsc/Skill/PartEffect.jsc,top-level,,Skill/PartEffect.js,84
src_jsc/Skill/headers.jsc,src_jsc/Skill/PartEffectGhost.jsc,top-level,,Skill/PartEffectGhost.js,86
src_jsc/Skill/headers.jsc,src_jsc/Skill/Template.jsc,top-level,,Skill/Template.js,88
src_jsc/Skill/headers.jsc,src_jsc/Skill/TemplateAttack.jsc,top-level,,Skill/TemplateAttack.js,90
src_jsc/Skill/headers.jsc,src_jsc/Skill/TemplatePart.jsc,top-level,,Skill/TemplatePart.js,92
src_jsc/Skill/headers.jsc,src_jsc/Skill/TemplatePartStatus.jsc,top-level,,Skill/TemplatePartStatus.js,94
src_jsc/Skill/headers.jsc,src_jsc/Skill/TemplatePartBuff.jsc,top-level,,Skill/TemplatePartBuff.js,96
src_jsc/Skill/headers.jsc,src_jsc/Skill/TemplatePartHurt.jsc,top-level,,Skill/TemplatePartHurt.js,98
src_jsc/Skill/headers.jsc,src_jsc/Skill/TemplateItem.jsc,top-level,,Skill/TemplateItem.js,100
src_jsc/Skill/headers.jsc,src_jsc/Skill/TemplateItemAttack.jsc,top-level,,Skill/TemplateItemAttack.js,102
src_jsc/Skill/headers.jsc,src_jsc/Skill/TemplateItemText.jsc,top-level,,Skill/TemplateItemText.js,104
src_jsc/Skill/headers.jsc,src_jsc/Skill/TemplateItemStatus.jsc,top-level,,Skill/TemplateItemStatus.js,106
src_jsc/Skill/headers.jsc,src_jsc/Skill/TemplateItemHp.jsc,top-level,,Skill/TemplateItemHp.js,108
src_jsc/Tools/headers.jsc,src_jsc/Tools/Card.jsc,top-level,,Tools/Card.js,27
src_jsc/Tools/headers.jsc,src_jsc/Tools/Sort.jsc,top-level,,Tools/Sort.js,29
src_jsc/Tools/headers.jsc,src_jsc/Tools/UI.jsc,top-level,,Tools/UI.js,31
src_jsc/Tools/headers.jsc,src_jsc/Tools/Net.jsc,top-level,,Tools/Net.js,33
src_jsc/Tools/headers.jsc,src_jsc/Tools/Scene.jsc,top-level,,Tools/Scene.js,35
src_jsc/Tools/headers.jsc,src_jsc/Tools/CfgData.jsc,top-level,,Tools/CfgData.js,37
src_jsc/Tools/headers.jsc,src_jsc/Tools/Ml.jsc,top-level,,Tools/Ml.js,39
src_jsc/Tools/headers.jsc,src_jsc/Tools/Model.jsc,top-level,,Tools/Model.js,41
src_jsc/Tools/headers.jsc,src_jsc/Tools/Story.jsc,top-level,,Tools/Story.js,43
src_jsc/Tools/headers.jsc,src_jsc/Tools/String.jsc,top-level,,Tools/String.js,45
src_jsc/Tools/headers.jsc,src_jsc/Tools/Filter.jsc,top-level,,Tools/Filter.js,47
src_jsc/Tools/headers.jsc,src_jsc/Tools/CmdShell.jsc,top-level,,Tools/CmdShell.js,49
src_jsc/Tools/headers.jsc,src_jsc/Tools/Audio.jsc,top-level,,Tools/Audio.js,51
src_jsc/Tools/headers.jsc,src_jsc/Tools/Sys.jsc,top-level,,Tools/Sys.js,53
src_jsc/Tools/headers.jsc,src_jsc/Tools/Statistic.jsc,top-level,,Tools/Statistic.js,55
src_jsc/Tools/headers.jsc,src_jsc/Tools/Jsb.jsc,top-level,,Tools/Jsb.js,57
src_jsc/Tools/headers.jsc,src_jsc/Tools/Party.jsc,top-level,,Tools/Party.js,59
src_jsc/Tools/headers.jsc,src_jsc/Tools/Views.jsc,top-level,,Tools/Views.js,61
src_jsc/Tools/headers.jsc,src_jsc/Tools/alias.jsc,top-level,,Tools/alias.js,63
src_jsc/Tools/headers.jsc,src_jsc/Tools/TalkingDataAppCpa.jsc,top-level,,Tools/TalkingDataAppCpa.js,65
src_jsc/Tools/headers.jsc,src_jsc/Tools/TimeTest.jsc,top-level,,Tools/TimeTest.js,67
src_jsc/Update/headers.jsc,src_jsc/Update/UpdateScene.jsc,top-level,,Update/UpdateScene.js,18
src_jsc/Utils/headers.jsc,src_jsc/Utils/buckets.jsc,top-level,,Utils/buckets.js,35
src_jsc/Utils/headers.jsc,src_jsc/Utils/common.jsc,top-level,,Utils/common.js,37
src_jsc/Utils/headers.jsc,src_jsc/Utils/Math.jsc,top-level,,Utils/Math.js,39
src_jsc/Utils/headers.jsc,src_jsc/Utils/Sys.jsc,top-level,,Utils/Sys.js,41
src_jsc/Utils/headers.jsc,src_jsc/Utils/Notify.jsc,top-level,,Utils/Notify.js,43
src_jsc/Utils/headers.jsc,src_jsc/Utils/Node.jsc,top-level,,Utils/Node.js,45
src_jsc/Utils/headers.jsc,src_jsc/Utils/UI.jsc,top-level,,Utils/UI.js,47
src_jsc/Utils/headers.jsc,src_jsc/Utils/Net.jsc,top-level,,Utils/Net.js,49
src_jsc/Utils/headers.jsc,src_jsc/Utils/Action.jsc,top-level,,Utils/Action.js,51
src_jsc/Utils/headers.jsc,src_jsc/Utils/LocalStore.jsc,top-level,,Utils/LocalStore.js,53
src_jsc/Utils/headers.jsc,src_jsc/Utils/CfgReader.jsc,top-level,,Utils/CfgReader.js,55
src_jsc/Utils/headers.jsc,src_jsc/Utils/Md5.jsc,top-level,,Utils/Md5.js,57
src_jsc/Utils/headers.jsc,src_jsc/Utils/Base64.jsc,top-level,,Utils/Base64.js,59
src_jsc/Utils/headers.jsc,src_jsc/Utils/Rc4.jsc,top-level,,Utils/Rc4.js,61
src_jsc/Utils/headers.jsc,src_jsc/Utils/Statistic.jsc,top-level,,Utils/Statistic.js,63
src_jsc/Utils/headers.jsc,src_jsc/Utils/FileSys.jsc,top-level,,Utils/FileSys.js,65
src_jsc/Utils/headers.jsc,src_jsc/Utils/alias.jsc,top-level,,Utils/alias.js,67
src_jsc/Views/Armature/headers.jsc,src_jsc/Views/Armature/AutoAudioArmature.jsc,top-level,,Views/Armature/AutoAudioArmature.js,29
src_jsc/Views/Awake/headers.jsc,src_jsc/Views/Awake/AwakeLayer.jsc,top-level,,Views/Awake/AwakeLayer.js,29
src_jsc/Views/Button/headers.jsc,src_jsc/Views/Button/Factory.jsc,top-level,,Views/Button/Factory.js,29
src_jsc/Views/Button/headers.jsc,src_jsc/Views/Button/ChangeNumBtn.jsc,top-level,,Views/Button/ChangeNumBtn.js,31
src_jsc/Views/Button/headers.jsc,src_jsc/Views/Button/alias.jsc,top-level,,Views/Button/alias.js,33
src_jsc/Views/Card/headers.jsc,src_jsc/Views/Card/General.jsc,top-level,,Views/Card/General.js,29
src_jsc/Views/Card/headers.jsc,src_jsc/Views/Card/Equ.jsc,top-level,,Views/Card/Equ.js,31
src_jsc/Views/Card/headers.jsc,src_jsc/Views/Card/Fight.jsc,top-level,,Views/Card/Fight.js,33
src_jsc/Views/Card/headers.jsc,src_jsc/Views/Card/OtherPlayer.jsc,top-level,,Views/Card/OtherPlayer.js,35
src_jsc/Views/DecisiveBattle/headers.jsc,src_jsc/Views/DecisiveBattle/DecisiveBattleMainView.jsc,top-level,,Views/DecisiveBattle/DecisiveBattleMainView.js,29
src_jsc/Views/DecisiveBattle/headers.jsc,src_jsc/Views/DecisiveBattle/SupportRecordView.jsc,top-level,,Views/DecisiveBattle/SupportRecordView.js,31
src_jsc/Views/DecisiveBattle/headers.jsc,src_jsc/Views/DecisiveBattle/SupportPointsExchangeView.jsc,top-level,,Views/DecisiveBattle/SupportPointsExchangeView.js,33
src_jsc/Views/DecisiveBattle/headers.jsc,src_jsc/Views/DecisiveBattle/SupportRankingDialog.jsc,top-level,,Views/DecisiveBattle/SupportRankingDialog.js,35
src_jsc/Views/DecisiveBattle/headers.jsc,src_jsc/Views/DecisiveBattle/DecisiveBattlePreviewView.jsc,top-level,,Views/DecisiveBattle/DecisiveBattlePreviewView.js,37
src_jsc/Views/DecisiveBattle/headers.jsc,src_jsc/Views/DecisiveBattle/OutPlayersDialog.jsc,top-level,,Views/DecisiveBattle/OutPlayersDialog.js,39
src_jsc/Views/DecisiveBattle/headers.jsc,src_jsc/Views/DecisiveBattle/OneRoundPlayerListDialog.jsc,top-level,,Views/DecisiveBattle/OneRoundPlayerListDialog.js,41
src_jsc/Views/Dialog/headers.jsc,src_jsc/Views/Dialog/SelectSgsChannelDialog.jsc,top-level,,Views/Dialog/SelectSgsChannelDialog.js,29
src_jsc/Views/Dialog/headers.jsc,src_jsc/Views/Dialog/ErrorDialog.jsc,top-level,,Views/Dialog/ErrorDialog.js,31
src_jsc/Views/Dialog/headers.jsc,src_jsc/Views/Dialog/AnnouncementDialog.jsc,top-level,,Views/Dialog/AnnouncementDialog.js,33
src_jsc/Views/Dialog/headers.jsc,src_jsc/Views/Dialog/AdvertisementDialog.jsc,top-level,,Views/Dialog/AdvertisementDialog.js,35
src_jsc/Views/Dialog/headers.jsc,src_jsc/Views/Dialog/SlotMachinesActivities.jsc,top-level,,Views/Dialog/SlotMachinesActivities.js,37
src_jsc/Views/Dialog/headers.jsc,src_jsc/Views/Dialog/MessagePopView.jsc,top-level,,Views/Dialog/MessagePopView.js,39
src_jsc/Views/Dialog/headers.jsc,src_jsc/Views/Dialog/DungeonDetail.jsc,top-level,,Views/Dialog/DungeonDetail.js,41
src_jsc/Views/Dialog/headers.jsc,src_jsc/Views/Dialog/DungeonDetailB.jsc,top-level,,Views/Dialog/DungeonDetailB.js,43
src_jsc/Views/Dialog/headers.jsc,src_jsc/Views/Dialog/PlayerInfoDialog.jsc,top-level,,Views/Dialog/PlayerInfoDialog.js,45
src_jsc/Views/Dialog/headers.jsc,src_jsc/Views/Dialog/UsrUpgrade.jsc,top-level,,Views/Dialog/UsrUpgrade.js,47
src_jsc/Views/Dialog/headers.jsc,src_jsc/Views/Dialog/UsrUpgradeNew.jsc,top-level,,Views/Dialog/UsrUpgradeNew.js,49
src_jsc/Views/Dialog/headers.jsc,src_jsc/Views/Dialog/UsrUpgradeWillOpen.jsc,top-level,,Views/Dialog/UsrUpgradeWillOpen.js,51
src_jsc/Views/Dialog/headers.jsc,src_jsc/Views/Dialog/ReplaceCardDialog.jsc,top-level,,Views/Dialog/ReplaceCardDialog.js,53
src_jsc/Views/Dialog/headers.jsc,src_jsc/Views/Dialog/CommonDialog.jsc,top-level,,Views/Dialog/CommonDialog.js,55
src_jsc/Views/Dialog/headers.jsc,src_jsc/Views/Dialog/EquipmentStrengthenDialog.jsc,top-level,,Views/Dialog/EquipmentStrengthenDialog.js,57
src_jsc/Views/Dialog/headers.jsc,src_jsc/Views/Dialog/SkillUpDialog.jsc,top-level,,Views/Dialog/SkillUpDialog.js,59
src_jsc/Views/Dialog/headers.jsc,src_jsc/Views/Dialog/SpecificDialog.jsc,top-level,,Views/Dialog/SpecificDialog.js,61
src_jsc/Views/Dialog/headers.jsc,src_jsc/Views/Dialog/Dialog.jsc,top-level,,Views/Dialog/Dialog.js,63
src_jsc/Views/Dialog/headers.jsc,src_jsc/Views/Dialog/Adventure.jsc,top-level,,Views/Dialog/Adventure.js,65
src_jsc/Views/Dialog/headers.jsc,src_jsc/Views/Dialog/DetailDialogComponent.jsc,top-level,,Views/Dialog/DetailDialogComponent.js,67
src_jsc/Views/Dialog/headers.jsc,src_jsc/Views/Dialog/DetailDialogEquip.jsc,top-level,,Views/Dialog/DetailDialogEquip.js,69
src_jsc/Views/Dialog/headers.jsc,src_jsc/Views/Dialog/DetailDialogSkill.jsc,top-level,,Views/Dialog/DetailDialogSkill.js,71
src_jsc/Views/Dialog/headers.jsc,src_jsc/Views/Dialog/DetailDialogGeneral.jsc,top-level,,Views/Dialog/DetailDialogGeneral.js,73
src_jsc/Views/Dialog/headers.jsc,src_jsc/Views/Dialog/FightResult.jsc,top-level,,Views/Dialog/FightResult.js,75
src_jsc/Views/Dialog/headers.jsc,src_jsc/Views/Dialog/BreachResult.jsc,top-level,,Views/Dialog/BreachResult.js,77
src_jsc/Views/Dialog/headers.jsc,src_jsc/Views/Dialog/MulitiFightDialog.jsc,top-level,,Views/Dialog/MulitiFightDialog.js,79
src_jsc/Views/Dialog/headers.jsc,src_jsc/Views/Dialog/GeneralTrainingResultDialog.jsc,top-level,,Views/Dialog/GeneralTrainingResultDialog.js,81
src_jsc/Views/Dialog/headers.jsc,src_jsc/Views/Dialog/DetailFade.jsc,top-level,,Views/Dialog/DetailFade.js,83
src_jsc/Views/Dialog/headers.jsc,src_jsc/Views/Dialog/RandEvent.jsc,top-level,,Views/Dialog/RandEvent.js,85
src_jsc/Views/Dialog/headers.jsc,src_jsc/Views/Dialog/Story.jsc,top-level,,Views/Dialog/Story.js,87
src_jsc/Views/Dialog/headers.jsc,src_jsc/Views/Dialog/AvoidWarDialog.jsc,top-level,,Views/Dialog/AvoidWarDialog.js,89
src_jsc/Views/Dialog/headers.jsc,src_jsc/Views/Dialog/MultiItemBuyDialog.jsc,top-level,,Views/Dialog/MultiItemBuyDialog.js,91
src_jsc/Views/Dialog/headers.jsc,src_jsc/Views/Dialog/PublicNotice.jsc,top-level,,Views/Dialog/PublicNotice.js,93
src_jsc/Views/Dialog/headers.jsc,src_jsc/Views/Dialog/SendMessageDialog.jsc,top-level,,Views/Dialog/SendMessageDialog.js,95
src_jsc/Views/Dialog/headers.jsc,src_jsc/Views/Dialog/FriendOperationDialog.jsc,top-level,,Views/Dialog/FriendOperationDialog.js,97
src_jsc/Views/Dialog/headers.jsc,src_jsc/Views/Dialog/ExchangeCDKey.jsc,top-level,,Views/Dialog/ExchangeCDKey.js,99
src_jsc/Views/Dialog/headers.jsc,src_jsc/Views/Dialog/TeamInfoDialog.jsc,top-level,,Views/Dialog/TeamInfoDialog.js,101
src_jsc/Views/Dialog/headers.jsc,src_jsc/Views/Dialog/GoldDrawDialog.jsc,top-level,,Views/Dialog/GoldDrawDialog.js,103
src_jsc/Views/Dialog/headers.jsc,src_jsc/Views/Dialog/InstructionDialog.jsc,top-level,,Views/Dialog/InstructionDialog.js,105
src_jsc/Views/Dialog/headers.jsc,src_jsc/Views/Dialog/ChargeDialog.jsc,top-level,,Views/Dialog/ChargeDialog.js,107
src_jsc/Views/Dialog/headers.jsc,src_jsc/Views/Dialog/ChargePrivilegeDialog.jsc,top-level,,Views/Dialog/ChargePrivilegeDialog.js,109
src_jsc/Views/Dialog/headers.jsc,src_jsc/Views/Dialog/CheckOrderDialog.jsc,top-level,,Views/Dialog/CheckOrderDialog.js,111
src_jsc/Views/Dialog/headers.jsc,src_jsc/Views/Dialog/FirstChargeDialog.jsc,top-level,,Views/Dialog/FirstChargeDialog.js,113
src_jsc/Views/Dialog/headers.jsc,src_jsc/Views/Dialog/AgaSurrenderDialog.jsc,top-level,,Views/Dialog/AgaSurrenderDialog.js,115
src_jsc/Views/Dialog/headers.jsc,src_jsc/Views/Dialog/RefineEquipmentDialog.jsc,top-level,,Views/Dialog/RefineEquipmentDialog.js,117
src_jsc/Views/Dialog/headers.jsc,src_jsc/Views/Dialog/ChatDialog.jsc,top-level,,Views/Dialog/ChatDialog.js,119
src_jsc/Views/Dialog/headers.jsc,src_jsc/Views/Dialog/BindingDialog.jsc,top-level,,Views/Dialog/BindingDialog.js,121
src_jsc/Views/Dialog/headers.jsc,src_jsc/Views/Dialog/BindingTelDialog.jsc,top-level,,Views/Dialog/BindingTelDialog.js,123
src_jsc/Views/Dialog/headers.jsc,src_jsc/Views/Dialog/UnionChgNoticeSignDialog.jsc,top-level,,Views/Dialog/UnionChgNoticeSignDialog.js,125
src_jsc/Views/Dialog/headers.jsc,src_jsc/Views/Dialog/DailyTaskDialog.jsc,top-level,,Views/Dialog/DailyTaskDialog.js,127
src_jsc/Views/Dialog/headers.jsc,src_jsc/Views/Dialog/ClimbLaddersFailDialog.jsc,top-level,,Views/Dialog/ClimbLaddersFailDialog.js,129
src_jsc/Views/Dialog/headers.jsc,src_jsc/Views/Dialog/BuddyInfoDialog.jsc,top-level,,Views/Dialog/BuddyInfoDialog.js,131
src_jsc/Views/Dialog/headers.jsc,src_jsc/Views/Dialog/UnionActiveDialog.jsc,top-level,,Views/Dialog/UnionActiveDialog.js,133
src_jsc/Views/Dialog/headers.jsc,src_jsc/Views/Dialog/UnionWarBattleResultDialog.jsc,top-level,,Views/Dialog/UnionWarBattleResultDialog.js,135
src_jsc/Views/Dialog/headers.jsc,src_jsc/Views/Dialog/UnionEncounterMapDialog.jsc,top-level,,Views/Dialog/UnionEncounterMapDialog.js,137
src_jsc/Views/Dialog/headers.jsc,src_jsc/Views/Dialog/UnionWarFightDialog.jsc,top-level,,Views/Dialog/UnionWarFightDialog.js,139
src_jsc/Views/Dialog/headers.jsc,src_jsc/Views/Dialog/UnionDepotMemberDialog.jsc,top-level,,Views/Dialog/UnionDepotMemberDialog.js,141
src_jsc/Views/Dialog/headers.jsc,src_jsc/Views/Dialog/UnionDepotNumChooseDialog.jsc,top-level,,Views/Dialog/UnionDepotNumChooseDialog.js,143
src_jsc/Views/Dialog/headers.jsc,src_jsc/Views/Dialog/UnionWarActivePromoteDialog.jsc,top-level,,Views/Dialog/UnionWarActivePromoteDialog.js,145
src_jsc/Views/Dialog/headers.jsc,src_jsc/Views/Dialog/UnionWarFlowChartDialog.jsc,top-level,,Views/Dialog/UnionWarFlowChartDialog.js,147
src_jsc/Views/Dialog/headers.jsc,src_jsc/Views/Dialog/AchieveDialog.jsc,top-level,,Views/Dialog/AchieveDialog.js,149
src_jsc/Views/Dialog/headers.jsc,src_jsc/Views/Dialog/FacebookLoginDialog.jsc,top-level,,Views/Dialog/FacebookLoginDialog.js,151
src_jsc/Views/Dialog/headers.jsc,src_jsc/Views/Dialog/FGLoginDialog.jsc,top-level,,Views/Dialog/FGLoginDialog.js,153
src_jsc/Views/Dialog/headers.jsc,src_jsc/Views/Dialog/DecisiveSupportDialog.jsc,top-level,,Views/Dialog/DecisiveSupportDialog.js,155
src_jsc/Views/Dialog/headers.jsc,src_jsc/Views/Dialog/MultiItemExchangeDialog.jsc,top-level,,Views/Dialog/MultiItemExchangeDialog.js,157
src_jsc/Views/Dialog/headers.jsc,src_jsc/Views/Dialog/AdvertisementDialogGuide.jsc,top-level,,Views/Dialog/AdvertisementDialogGuide.js,159
src_jsc/Views/Dialog/headers.jsc,src_jsc/Views/Dialog/MysteryStoreDialog.jsc,top-level,,Views/Dialog/MysteryStoreDialog.js,161
src_jsc/Views/Dialog/headers.jsc,src_jsc/Views/Dialog/AutoMultiKillSelectDialog.jsc,top-level,,Views/Dialog/AutoMultiKillSelectDialog.js,163
src_jsc/Views/Dialog/headers.jsc,src_jsc/Views/Dialog/AdventureDropDialog.jsc,top-level,,Views/Dialog/AdventureDropDialog.js,165
src_jsc/Views/Dialog/headers.jsc,src_jsc/Views/Dialog/AutoPracticeDialog.jsc,top-level,,Views/Dialog/AutoPracticeDialog.js,167
src_jsc/Views/Dialog/headers.jsc,src_jsc/Views/Dialog/AutoPracticeResultDialog.jsc,top-level,,Views/Dialog/AutoPracticeResultDialog.js,169
src_jsc/Views/Dialog/headers.jsc,src_jsc/Views/Dialog/SelectOpenBoxNumDialog.jsc,top-level,,Views/Dialog/SelectOpenBoxNumDialog.js,171
src_jsc/Views/Dialog/headers.jsc,src_jsc/Views/Dialog/SelectResolveNumDialog.jsc,top-level,,Views/Dialog/SelectResolveNumDialog.js,173
src_jsc/Views/Dialog/headers.jsc,src_jsc/Views/Dialog/IdCardBindingDialog.jsc,top-level,,Views/Dialog/IdCardBindingDialog.js,175
src_jsc/Views/Dialog/headers.jsc,src_jsc/Views/Dialog/BecomeStrongerDialog.jsc,top-level,,Views/Dialog/BecomeStrongerDialog.js,177
src_jsc/Views/Dialog/headers.jsc,src_jsc/Views/Dialog/AwakeInfoDialog.jsc,top-level,,Views/Dialog/AwakeInfoDialog.js,179
src_jsc/Views/Dialog/headers.jsc,src_jsc/Views/Dialog/AwakeChangeYuanFenDialog.jsc,top-level,,Views/Dialog/AwakeChangeYuanFenDialog.js,181
src_jsc/Views/Dialog/headers.jsc,src_jsc/Views/Dialog/AwakeConfirmDialog.jsc,top-level,,Views/Dialog/AwakeConfirmDialog.js,183
src_jsc/Views/Dialog/headers.jsc,src_jsc/Views/Dialog/SpiritStoneDialog.jsc,top-level,,Views/Dialog/SpiritStoneDialog.js,185
src_jsc/Views/Dialog/headers.jsc,src_jsc/Views/Dialog/JiFenDuiHuanDialog.jsc,top-level,,Views/Dialog/JiFenDuiHuanDialog.js,187
src_jsc/Views/Dialog/headers.jsc,src_jsc/Views/Dialog/PlantTreeDlg.jsc,top-level,,Views/Dialog/PlantTreeDlg.js,189
src_jsc/Views/Dialog/headers.jsc,src_jsc/Views/Dialog/MemorialDialog.jsc,top-level,,Views/Dialog/MemorialDialog.js,191
src_jsc/Views/Dialog/headers.jsc,src_jsc/Views/Dialog/LabourlDialog.jsc,top-level,,Views/Dialog/LabourlDialog.js,193
src_jsc/Views/Dialog/headers.jsc,src_jsc/Views/Dialog/DuanWuDialog.jsc,top-level,,Views/Dialog/DuanWuDialog.js,195
src_jsc/Views/Dialog/headers.jsc,src_jsc/Views/Dialog/PublicCopyDialog.jsc,top-level,,Views/Dialog/PublicCopyDialog.js,197
src_jsc/Views/Dialog/headers.jsc,src_jsc/Views/Dialog/GeneralPreviewDialog.jsc,top-level,,Views/Dialog/GeneralPreviewDialog.js,199
src_jsc/Views/Dialog/headers.jsc,src_jsc/Views/Dialog/BeautyShopDialog.jsc,top-level,,Views/Dialog/BeautyShopDialog.js,201
src_jsc/Views/Dialog/headers.jsc,src_jsc/Views/Dialog/BeautyTipsDialog.jsc,top-level,,Views/Dialog/BeautyTipsDialog.js,203
src_jsc/Views/Dialog/headers.jsc,src_jsc/Views/Dialog/VerificationTelDialog.jsc,top-level,,Views/Dialog/VerificationTelDialog.js,205
src_jsc/Views/Gems/headers.jsc,src_jsc/Views/Gems/GemsSophisticationView.jsc,top-level,,Views/Gems/GemsSophisticationView.js,29
src_jsc/Views/Gems/headers.jsc,src_jsc/Views/Gems/GemsHoleextendView.jsc,top-level,,Views/Gems/GemsHoleextendView.js,31
src_jsc/Views/Gems/headers.jsc,src_jsc/Views/Gems/GemsEquipmentAdd.jsc,top-level,,Views/Gems/GemsEquipmentAdd.js,33
src_jsc/Views/Gems/headers.jsc,src_jsc/Views/Gems/GemsPunchView.jsc,top-level,,Views/Gems/GemsPunchView.js,35
src_jsc/Views/Gems/headers.jsc,src_jsc/Views/Gems/GemsSophisticationReplaceDialog.jsc,top-level,,Views/Gems/GemsSophisticationReplaceDialog.js,37
src_jsc/Views/Gems/headers.jsc,src_jsc/Views/Gems/GemsBagView.jsc,top-level,,Views/Gems/GemsBagView.js,39
src_jsc/Views/Gems/headers.jsc,src_jsc/Views/Gems/AllGemsListDialog.jsc,top-level,,Views/Gems/AllGemsListDialog.js,41
src_jsc/Views/Gems/headers.jsc,src_jsc/Views/Gems/GemsComposeView.jsc,top-level,,Views/Gems/GemsComposeView.js,43
src_jsc/Views/Goddess/headers.jsc,src_jsc/Views/Goddess/GoddessAchievementDialog.jsc,top-level,,Views/Goddess/GoddessAchievementDialog.js,29
src_jsc/Views/Goddess/headers.jsc,src_jsc/Views/Goddess/GoddessMainView.jsc,top-level,,Views/Goddess/GoddessMainView.js,31
src_jsc/Views/Goddess/headers.jsc,src_jsc/Views/Goddess/ThreeIconShowView.jsc,top-level,,Views/Goddess/ThreeIconShowView.js,33
src_jsc/Views/HulaoBattle/headers.jsc,src_jsc/Views/HulaoBattle/HulaoBattleMainView.jsc,top-level,,Views/HulaoBattle/HulaoBattleMainView.js,29
src_jsc/Views/HulaoBattle/headers.jsc,src_jsc/Views/HulaoBattle/HulaoBattleSelectDifficulty.jsc,top-level,,Views/HulaoBattle/HulaoBattleSelectDifficulty.js,31
src_jsc/Views/HulaoBattle/headers.jsc,src_jsc/Views/HulaoBattle/GarrisonLayoutDialog.jsc,top-level,,Views/HulaoBattle/GarrisonLayoutDialog.js,33
src_jsc/Views/HulaoBattle/headers.jsc,src_jsc/Views/HulaoBattle/LightenLuckDialog.jsc,top-level,,Views/HulaoBattle/LightenLuckDialog.js,35
src_jsc/Views/Icon/headers.jsc,src_jsc/Views/Icon/BaseIcon.jsc,top-level,,Views/Icon/BaseIcon.js,29
src_jsc/Views/Icon/headers.jsc,src_jsc/Views/Icon/IconStyleA.jsc,top-level,,Views/Icon/IconStyleA.js,31
src_jsc/Views/Icon/headers.jsc,src_jsc/Views/Icon/IconStyleB.jsc,top-level,,Views/Icon/IconStyleB.js,33
src_jsc/Views/Icon/headers.jsc,src_jsc/Views/Icon/IconStyleC.jsc,top-level,,Views/Icon/IconStyleC.js,35
src_jsc/Views/Icon/headers.jsc,src_jsc/Views/Icon/IconPackage.jsc,top-level,,Views/Icon/IconPackage.js,37
src_jsc/Views/Icon/headers.jsc,src_jsc/Views/Icon/IconWrapped.jsc,top-level,,Views/Icon/IconWrapped.js,39
src_jsc/Views/Icon/headers.jsc,src_jsc/Views/Icon/IconWrappedWithLabel.jsc,top-level,,Views/Icon/IconWrappedWithLabel.js,41
src_jsc/Views/InterService/headers.jsc,src_jsc/Views/InterService/InterServiceRegistrationView.jsc,top-level,,Views/InterService/InterServiceRegistrationView.js,29
src_jsc/Views/InterService/headers.jsc,src_jsc/Views/InterService/InterServiceFightView.jsc,top-level,,Views/InterService/InterServiceFightView.js,31
src_jsc/Views/InterService/headers.jsc,src_jsc/Views/InterService/PointsExchangeView.jsc,top-level,,Views/InterService/PointsExchangeView.js,33
src_jsc/Views/InterService/headers.jsc,src_jsc/Views/InterService/PointsRankDialog.jsc,top-level,,Views/InterService/PointsRankDialog.js,35
src_jsc/Views/InterService/headers.jsc,src_jsc/Views/InterService/PopularityRewardView.jsc,top-level,,Views/InterService/PopularityRewardView.js,37
src_jsc/Views/InterService/headers.jsc,src_jsc/Views/InterService/PromptFrameDialog.jsc,top-level,,Views/InterService/PromptFrameDialog.js,39
src_jsc/Views/InterService/headers.jsc,src_jsc/Views/InterService/InterServiceWorshipView.jsc,top-level,,Views/InterService/InterServiceWorshipView.js,41
src_jsc/Views/InterService/headers.jsc,src_jsc/Views/InterService/InterServiceRewardDialog.jsc,top-level,,Views/InterService/InterServiceRewardDialog.js,43
src_jsc/Views/InterService/headers.jsc,src_jsc/Views/InterService/InterServiceRewardPreviewDialog.jsc,top-level,,Views/InterService/InterServiceRewardPreviewDialog.js,45
src_jsc/Views/Label/headers.jsc,src_jsc/Views/Label/LabelExt.jsc,top-level,,Views/Label/LabelExt.js,29
src_jsc/Views/Meridians/headers.jsc,src_jsc/Views/Meridians/MeridiansMainView.jsc,top-level,,Views/Meridians/MeridiansMainView.js,29
src_jsc/Views/Meridians/headers.jsc,src_jsc/Views/Meridians/PracticeMeridiansMainView.jsc,top-level,,Views/Meridians/PracticeMeridiansMainView.js,31
src_jsc/Views/Meridians/headers.jsc,src_jsc/Views/Meridians/MeridiansDetailDialog.jsc,top-level,,Views/Meridians/MeridiansDetailDialog.js,33
src_jsc/Views/Meridians/headers.jsc,src_jsc/Views/Meridians/AcupointListView.jsc,top-level,,Views/Meridians/AcupointListView.js,35
src_jsc/Views/Meridians/headers.jsc,src_jsc/Views/Meridians/DetailsListView.jsc,top-level,,Views/Meridians/DetailsListView.js,37
src_jsc/Views/MiracleWeapons/headers.jsc,src_jsc/Views/MiracleWeapons/SelectMiracleWeaponLayer.jsc,top-level,,Views/MiracleWeapons/SelectMiracleWeaponLayer.js,29
src_jsc/Views/MiracleWeapons/headers.jsc,src_jsc/Views/MiracleWeapons/ThreeMiracleWeaponsShowLayer.jsc,top-level,,Views/MiracleWeapons/ThreeMiracleWeaponsShowLayer.js,31
src_jsc/Views/MiracleWeapons/headers.jsc,src_jsc/Views/MiracleWeapons/MiracleWeaponLayer.jsc,top-level,,Views/MiracleWeapons/MiracleWeaponLayer.js,33
src_jsc/Views/MiracleWeapons/headers.jsc,src_jsc/Views/MiracleWeapons/MiracleWeaponInforDialog.jsc,top-level,,Views/MiracleWeapons/MiracleWeaponInforDialog.js,35
src_jsc/Views/ProgressTimer/header.jsc,src_jsc/Views/ProgressTimer/NormalProgressTimer.jsc,top-level,,Views/ProgressTimer/NormalProgressTimer.js,29
src_jsc/Views/ProgressTimer/header.jsc,src_jsc/Views/ProgressTimer/BlueProgressTimer.jsc,top-level,,Views/ProgressTimer/BlueProgressTimer.js,31
src_jsc/Views/SkillRefining/headers.jsc,src_jsc/Views/SkillRefining/SkillRefiningLayer.jsc,top-level,,Views/SkillRefining/SkillRefiningLayer.js,29
src_jsc/Views/SkillRefining/headers.jsc,src_jsc/Views/SkillRefining/RefiningSkillDialog.jsc,top-level,,Views/SkillRefining/RefiningSkillDialog.js,31
src_jsc/Views/SkillRefining/headers.jsc,src_jsc/Views/SkillRefining/RefiningSkillTableView.jsc,top-level,,Views/SkillRefining/RefiningSkillTableView.js,33
src_jsc/Views/SkillRefining/headers.jsc,src_jsc/Views/SkillRefining/RefiningSkillTableViewCell.jsc,top-level,,Views/SkillRefining/RefiningSkillTableViewCell.js,35
src_jsc/Views/SkillRefining/headers.jsc,src_jsc/Views/SkillRefining/RefiningSkillShowTableView.jsc,top-level,,Views/SkillRefining/RefiningSkillShowTableView.js,37
src_jsc/Views/Table/Cell/headers.jsc,src_jsc/Views/Table/Cell/BaseCell.jsc,top-level,,Views/Table/Cell/BaseCell.js,31
src_jsc/Views/Table/Cell/headers.jsc,src_jsc/Views/Table/Cell/BaseCmnStyleACell.jsc,top-level,,Views/Table/Cell/BaseCmnStyleACell.js,33
src_jsc/Views/Table/Cell/headers.jsc,src_jsc/Views/Table/Cell/BaseCmnStyleBCell.jsc,top-level,,Views/Table/Cell/BaseCmnStyleBCell.js,35
src_jsc/Views/Table/Cell/headers.jsc,src_jsc/Views/Table/Cell/BaseCmnStyleCCell.jsc,top-level,,Views/Table/Cell/BaseCmnStyleCCell.js,37
src_jsc/Views/Table/Cell/headers.jsc,src_jsc/Views/Table/Cell/BaseCmnStyleDCell.jsc,top-level,,Views/Table/Cell/BaseCmnStyleDCell.js,39
src_jsc/Views/Table/Cell/headers.jsc,src_jsc/Views/Table/Cell/ReplaceCardCell.jsc,top-level,,Views/Table/Cell/ReplaceCardCell.js,41
src_jsc/Views/Table/Cell/headers.jsc,src_jsc/Views/Table/Cell/SkillTableViewCell.jsc,top-level,,Views/Table/Cell/SkillTableViewCell.js,43
src_jsc/Views/Table/Cell/headers.jsc,src_jsc/Views/Table/Cell/SkillPieceTableViewCell.jsc,top-level,,Views/Table/Cell/SkillPieceTableViewCell.js,45
src_jsc/Views/Table/Cell/headers.jsc,src_jsc/Views/Table/Cell/TeamQueueTeamCell.jsc,top-level,,Views/Table/Cell/TeamQueueTeamCell.js,47
src_jsc/Views/Table/Cell/headers.jsc,src_jsc/Views/Table/Cell/MultiColumnTableViewCell.jsc,top-level,,Views/Table/Cell/MultiColumnTableViewCell.js,49
src_jsc/Views/Table/Cell/headers.jsc,src_jsc/Views/Table/Cell/BaseTableViewExtraCell.jsc,top-level,,Views/Table/Cell/BaseTableViewExtraCell.js,51
src_jsc/Views/Table/Cell/headers.jsc,src_jsc/Views/Table/Cell/EquipmentTableViewCell.jsc,top-level,,Views/Table/Cell/EquipmentTableViewCell.js,53
src_jsc/Views/Table/Cell/headers.jsc,src_jsc/Views/Table/Cell/EquipmentTableViewStrengthenCell.jsc,top-level,,Views/Table/Cell/EquipmentTableViewStrengthenCell.js,55
src_jsc/Views/Table/Cell/headers.jsc,src_jsc/Views/Table/Cell/EquipmentFragmentTableViewCell.jsc,top-level,,Views/Table/Cell/EquipmentFragmentTableViewCell.js,57
src_jsc/Views/Table/Cell/headers.jsc,src_jsc/Views/Table/Cell/EquipmentFragmentJoinTableViewCell.jsc,top-level,,Views/Table/Cell/EquipmentFragmentJoinTableViewCell.js,59
src_jsc/Views/Table/Cell/headers.jsc,src_jsc/Views/Table/Cell/SkillListTableViewCell.jsc,top-level,,Views/Table/Cell/SkillListTableViewCell.js,63
src_jsc/Views/Table/Cell/headers.jsc,src_jsc/Views/Table/Cell/CombatTableViewCell.jsc,top-level,,Views/Table/Cell/CombatTableViewCell.js,65
src_jsc/Views/Table/Cell/headers.jsc,src_jsc/Views/Table/Cell/MulitiFightCell.jsc,top-level,,Views/Table/Cell/MulitiFightCell.js,67
src_jsc/Views/Table/Cell/headers.jsc,src_jsc/Views/Table/Cell/LadderChartTableViewCell.jsc,top-level,,Views/Table/Cell/LadderChartTableViewCell.js,69
src_jsc/Views/Table/Cell/headers.jsc,src_jsc/Views/Table/Cell/ClimbLadderTableViewCell.jsc,top-level,,Views/Table/Cell/ClimbLadderTableViewCell.js,71
src_jsc/Views/Table/Cell/headers.jsc,src_jsc/Views/Table/Cell/AvoidWarTableViewCell.jsc,top-level,,Views/Table/Cell/AvoidWarTableViewCell.js,73
src_jsc/Views/Table/Cell/headers.jsc,src_jsc/Views/Table/Cell/ChaosTableViewCell.jsc,top-level,,Views/Table/Cell/ChaosTableViewCell.js,75
src_jsc/Views/Table/Cell/headers.jsc,src_jsc/Views/Table/Cell/SocialTableViewCell.jsc,top-level,,Views/Table/Cell/SocialTableViewCell.js,77
src_jsc/Views/Table/Cell/headers.jsc,src_jsc/Views/Table/Cell/MailTableViewCell.jsc,top-level,,Views/Table/Cell/MailTableViewCell.js,79
src_jsc/Views/Table/Cell/headers.jsc,src_jsc/Views/Table/Cell/ChargeItemCell.jsc,top-level,,Views/Table/Cell/ChargeItemCell.js,81
src_jsc/Views/Table/Cell/headers.jsc,src_jsc/Views/Table/Cell/AgaHeadTableViewCell.jsc,top-level,,Views/Table/Cell/AgaHeadTableViewCell.js,83
src_jsc/Views/Table/Cell/headers.jsc,src_jsc/Views/Table/Cell/ChatContentCell.jsc,top-level,,Views/Table/Cell/ChatContentCell.js,85
src_jsc/Views/Table/Cell/headers.jsc,src_jsc/Views/Table/Cell/UnionSearchTableViewCell.jsc,top-level,,Views/Table/Cell/UnionSearchTableViewCell.js,87
src_jsc/Views/Table/Cell/headers.jsc,src_jsc/Views/Table/Cell/EquipRefineTableViewCell.jsc,top-level,,Views/Table/Cell/EquipRefineTableViewCell.js,89
src_jsc/Views/Table/Cell/headers.jsc,src_jsc/Views/Table/Cell/TaskCell.jsc,top-level,,Views/Table/Cell/TaskCell.js,91
src_jsc/Views/Table/Cell/headers.jsc,src_jsc/Views/Table/Cell/SkillMeltTableCell.jsc,top-level,,Views/Table/Cell/SkillMeltTableCell.js,93
src_jsc/Views/Table/Cell/headers.jsc,src_jsc/Views/Table/Cell/RankTableViewCell.jsc,top-level,,Views/Table/Cell/RankTableViewCell.js,95
src_jsc/Views/Table/headers.jsc,src_jsc/Views/Table/Cell/headers.jsc,top-level,,Views/Table/Cell/headers.js,29
src_jsc/Views/Table/headers.jsc,src_jsc/Views/Table/BaseTableView.jsc,top-level,,Views/Table/BaseTableView.js,31
src_jsc/Views/Table/headers.jsc,src_jsc/Views/Table/BaseTableViewExtra.jsc,top-level,,Views/Table/BaseTableViewExtra.js,33
src_jsc/Views/Table/headers.jsc,src_jsc/Views/Table/SkillTableView.jsc,top-level,,Views/Table/SkillTableView.js,35
src_jsc/Views/Table/headers.jsc,src_jsc/Views/Table/SkillPieceTableView.jsc,top-level,,Views/Table/SkillPieceTableView.js,37
src_jsc/Views/Table/headers.jsc,src_jsc/Views/Table/MultiColumnTableView.jsc,top-level,,Views/Table/MultiColumnTableView.js,39
src_jsc/Views/Table/headers.jsc,src_jsc/Views/Table/EquipmentTableView.jsc,top-level,,Views/Table/EquipmentTableView.js,41
src_jsc/Views/Table/headers.jsc,src_jsc/Views/Table/EquipmentTableViewStrengthen.jsc,top-level,,Views/Table/EquipmentTableViewStrengthen.js,43
src_jsc/Views/Table/headers.jsc,src_jsc/Views/Table/EquipmentFragmentTableView.jsc,top-level,,Views/Table/EquipmentFragmentTableView.js,45
src_jsc/Views/Table/headers.jsc,src_jsc/Views/Table/EquipmentFragmentJoinTableView.jsc,top-level,,Views/Table/EquipmentFragmentJoinTableView.js,47
src_jsc/Views/Table/headers.jsc,src_jsc/Views/Table/SkillListTableView.jsc,top-level,,Views/Table/SkillListTableView.js,49
src_jsc/Views/Table/headers.jsc,src_jsc/Views/Table/CombatTableView.jsc,top-level,,Views/Table/CombatTableView.js,51
src_jsc/Views/Table/headers.jsc,src_jsc/Views/Table/MulitiFightResultTableView.jsc,top-level,,Views/Table/MulitiFightResultTableView.js,53
src_jsc/Views/Table/headers.jsc,src_jsc/Views/Table/LadderChartTableView.jsc,top-level,,Views/Table/LadderChartTableView.js,55
src_jsc/Views/Table/headers.jsc,src_jsc/Views/Table/ClimbLadderTableView.jsc,top-level,,Views/Table/ClimbLadderTableView.js,57
src_jsc/Views/Table/headers.jsc,src_jsc/Views/Table/ChaosTableView.jsc,top-level,,Views/Table/ChaosTableView.js,59
src_jsc/Views/Table/headers.jsc,src_jsc/Views/Table/AvoidWarTableView.jsc,top-level,,Views/Table/AvoidWarTableView.js,61
src_jsc/Views/Table/headers.jsc,src_jsc/Views/Table/SocialTableView.jsc,top-level,,Views/Table/SocialTableView.js,63
src_jsc/Views/Table/headers.jsc,src_jsc/Views/Table/MailTableView.jsc,top-level,,Views/Table/MailTableView.js,65
src_jsc/Views/Table/headers.jsc,src_jsc/Views/Table/ChargeItemTableView.jsc,top-level,,Views/Table/ChargeItemTableView.js,67
src_jsc/Views/Table/headers.jsc,src_jsc/Views/Table/AgaHeadTableView.jsc,top-level,,Views/Table/AgaHeadTableView.js,69
src_jsc/Views/Table/headers.jsc,src_jsc/Views/Table/EquipRefineTableView.jsc,top-level,,Views/Table/EquipRefineTableView.js,71
src_jsc/Views/Table/headers.jsc,src_jsc/Views/Table/MenuTableView.jsc,top-level,,Views/Table/MenuTableView.js,73
src_jsc/Views/Table/headers.jsc,src_jsc/Views/Table/UnionSearchTableView.jsc,top-level,,Views/Table/UnionSearchTableView.js,75
src_jsc/Views/Table/headers.jsc,src_jsc/Views/Table/UnionLogTableView.jsc,top-level,,Views/Table/UnionLogTableView.js,77
src_jsc/Views/Table/headers.jsc,src_jsc/Views/Table/TaskTableView.jsc,top-level,,Views/Table/TaskTableView.js,79
src_jsc/Views/Table/headers.jsc,src_jsc/Views/Table/UnionWarFlowChartTableView.jsc,top-level,,Views/Table/UnionWarFlowChartTableView.js,81
src_jsc/Views/Table/headers.jsc,src_jsc/Views/Table/InterServiceRewardTableView.jsc,top-level,,Views/Table/InterServiceRewardTableView.js,83
src_jsc/Views/Table/headers.jsc,src_jsc/Views/Table/InterServiceRewardPreviewTableView.jsc,top-level,,Views/Table/InterServiceRewardPreviewTableView.js,85
src_jsc/Views/Table/headers.jsc,src_jsc/Views/Table/SkillMeltTableView.jsc,top-level,,Views/Table/SkillMeltTableView.js,87
src_jsc/Views/Table/headers.jsc,src_jsc/Views/Table/RankTableView.jsc,top-level,,Views/Table/RankTableView.js,89
src_jsc/Views/Union/headers.jsc,src_jsc/Views/Union/UnionBaseLayer.jsc,top-level,,Views/Union/UnionBaseLayer.js,29
src_jsc/Views/Union/headers.jsc,src_jsc/Views/Union/UnionSearch.jsc,top-level,,Views/Union/UnionSearch.js,31
src_jsc/Views/Union/headers.jsc,src_jsc/Views/Union/UnionCreate.jsc,top-level,,Views/Union/UnionCreate.js,33
src_jsc/Views/Union/headers.jsc,src_jsc/Views/Union/UnionInfoLayer.jsc,top-level,,Views/Union/UnionInfoLayer.js,35
src_jsc/Views/Union/headers.jsc,src_jsc/Views/Union/UnionDonationLayer.jsc,top-level,,Views/Union/UnionDonationLayer.js,37
src_jsc/Views/Union/headers.jsc,src_jsc/Views/Union/UnionMembershipLayer.jsc,top-level,,Views/Union/UnionMembershipLayer.js,39
src_jsc/Views/Union/headers.jsc,src_jsc/Views/Union/UnionMemberLayer.jsc,top-level,,Views/Union/UnionMemberLayer.js,41
src_jsc/Views/Union/headers.jsc,src_jsc/Views/Union/UnionMemberManageDialog.jsc,top-level,,Views/Union/UnionMemberManageDialog.js,43
src_jsc/Views/Union/headers.jsc,src_jsc/Views/Union/UnionRankingLayer.jsc,top-level,,Views/Union/UnionRankingLayer.js,45
src_jsc/Views/Union/headers.jsc,src_jsc/Views/Union/UnionCombatMainLayer.jsc,top-level,,Views/Union/UnionCombatMainLayer.js,47
src_jsc/Views/Union/headers.jsc,src_jsc/Views/Union/UnionDepotLayer.jsc,top-level,,Views/Union/UnionDepotLayer.js,49
src_jsc/Views/Union/headers.jsc,src_jsc/Views/Union/UnionShopLayer.jsc,top-level,,Views/Union/UnionShopLayer.js,51
src_jsc/Views/Union/headers.jsc,src_jsc/Views/Union/UnionDialog.jsc,top-level,,Views/Union/UnionDialog.js,53
src_jsc/Views/UpgradeCard/headers.jsc,src_jsc/Views/UpgradeCard/BaseUpgradeCard.jsc,top-level,,Views/UpgradeCard/BaseUpgradeCard.js,29
src_jsc/Views/UpgradeCard/headers.jsc,src_jsc/Views/UpgradeCard/CombatUpgradeCard.jsc,top-level,,Views/UpgradeCard/CombatUpgradeCard.js,31
src_jsc/Views/UpgradeCard/headers.jsc,src_jsc/Views/UpgradeCard/EquipmentUpgradeCard.jsc,top-level,,Views/UpgradeCard/EquipmentUpgradeCard.js,33
src_jsc/Views/UpgradeCard/headers.jsc,src_jsc/Views/UpgradeCard/CardAwakeView.jsc,top-level,,Views/UpgradeCard/CardAwakeView.js,35
src_jsc/Views/UpgradeCard/headers.jsc,src_jsc/Views/UpgradeCard/CardAwakeInfoView.jsc,top-level,,Views/UpgradeCard/CardAwakeInfoView.js,37
src_jsc/Views/headers.jsc,src_jsc/Views/ActivitiesShow.jsc,top-level,,Views/ActivitiesShow.js,27
src_jsc/Views/headers.jsc,src_jsc/Views/ActivitiesShow6Icon.jsc,top-level,,Views/ActivitiesShow6Icon.js,29
src_jsc/Views/headers.jsc,src_jsc/Views/Mgr.jsc,top-level,,Views/Mgr.js,31
src_jsc/Views/headers.jsc,src_jsc/Views/BaseView.jsc,top-level,,Views/BaseView.js,33
src_jsc/Views/headers.jsc,src_jsc/Views/HungerLayer.jsc,top-level,,Views/HungerLayer.js,35
src_jsc/Views/headers.jsc,src_jsc/Views/Card/headers.jsc,top-level,,Views/Card/headers.js,37
src_jsc/Views/headers.jsc,src_jsc/Views/Table/headers.jsc,top-level,,Views/Table/headers.js,39
src_jsc/Views/headers.jsc,src_jsc/Views/Dialog/headers.jsc,top-level,,Views/Dialog/headers.js,41
src_jsc/Views/headers.jsc,src_jsc/Views/Button/headers.jsc,top-level,,Views/Button/headers.js,43
src_jsc/Views/headers.jsc,src_jsc/Views/Icon/headers.jsc,top-level,,Views/Icon/headers.js,45
src_jsc/Views/headers.jsc,src_jsc/Views/Label/headers.jsc,top-level,,Views/Label/headers.js,47
src_jsc/Views/headers.jsc,src_jsc/Views/Armature/headers.jsc,top-level,,Views/Armature/headers.js,49
src_jsc/Views/headers.jsc,src_jsc/Views/Gems/headers.jsc,top-level,,Views/Gems/headers.js,51
src_jsc/Views/headers.jsc,src_jsc/Views/UpgradeCard/headers.jsc,top-level,,Views/UpgradeCard/headers.js,53
src_jsc/Views/headers.jsc,src_jsc/Views/ProgressTimer/header.jsc,top-level,,Views/ProgressTimer/header.js,55
src_jsc/Views/headers.jsc,src_jsc/Views/Awake/headers.jsc,top-level,,Views/Awake/headers.js,57
src_jsc/Views/headers.jsc,src_jsc/Views/MultiPagesMenuView.jsc,top-level,,Views/MultiPagesMenuView.js,59
src_jsc/Views/headers.jsc,src_jsc/Views/SceneTitleView.jsc,top-level,,Views/SceneTitleView.js,61
src_jsc/Views/headers.jsc,src_jsc/Views/LoadingView.jsc,top-level,,Views/LoadingView.js,63
src_jsc/Views/headers.jsc,src_jsc/Views/NotificationNode.jsc,top-level,,Views/NotificationNode.js,65
src_jsc/Views/headers.jsc,src_jsc/Views/SplitLabelTTF.jsc,top-level,,Views/SplitLabelTTF.js,67
src_jsc/Views/headers.jsc,src_jsc/Views/SkillSpecView.jsc,top-level,,Views/SkillSpecView.js,69
src_jsc/Views/headers.jsc,src_jsc/Views/RoundClippingNode.jsc,top-level,,Views/RoundClippingNode.js,71
src_jsc/Views/headers.jsc,src_jsc/Views/SpriteClippingNode.jsc,top-level,,Views/SpriteClippingNode.js,73
src_jsc/Views/headers.jsc,src_jsc/Views/HpProgressView.jsc,top-level,,Views/HpProgressView.js,75
src_jsc/Views/headers.jsc,src_jsc/Views/TextProgressView.jsc,top-level,,Views/TextProgressView.js,77
src_jsc/Views/headers.jsc,src_jsc/Views/TableViewCellButton.jsc,top-level,,Views/TableViewCellButton.js,81
src_jsc/Views/headers.jsc,src_jsc/Views/MainMenuView.jsc,top-level,,Views/MainMenuView.js,83
src_jsc/Views/headers.jsc,src_jsc/Views/MainMenuBtnView.jsc,top-level,,Views/MainMenuBtnView.js,85
src_jsc/Views/headers.jsc,src_jsc/Views/PlayerInfoBannerView.jsc,top-level,,Views/PlayerInfoBannerView.js,87
src_jsc/Views/headers.jsc,src_jsc/Views/TeamIconButton.jsc,top-level,,Views/TeamIconButton.js,91
src_jsc/Views/headers.jsc,src_jsc/Views/TeamCntPopView.jsc,top-level,,Views/TeamCntPopView.js,93
src_jsc/Views/headers.jsc,src_jsc/Views/TeamGeneralFightAndStrikeView.jsc,top-level,,Views/TeamGeneralFightAndStrikeView.js,95
src_jsc/Views/headers.jsc,src_jsc/Views/HornView.jsc,top-level,,Views/HornView.js,97
src_jsc/Views/headers.jsc,src_jsc/Views/SpeakerView.jsc,top-level,,Views/SpeakerView.js,99
src_jsc/Views/headers.jsc,src_jsc/Views/TablePageView.jsc,top-level,,Views/TablePageView.js,101
src_jsc/Views/headers.jsc,src_jsc/Views/MiniTablePage.jsc,top-level,,Views/MiniTablePage.js,103
src_jsc/Views/headers.jsc,src_jsc/Views/SortController.jsc,top-level,,Views/SortController.js,105
src_jsc/Views/headers.jsc,src_jsc/Views/QueueTeamView.jsc,top-level,,Views/QueueTeamView.js,107
src_jsc/Views/headers.jsc,src_jsc/Views/EquipmentReinforceView.jsc,top-level,,Views/EquipmentReinforceView.js,109
src_jsc/Views/headers.jsc,src_jsc/Views/EquipmentsListView.jsc,top-level,,Views/EquipmentsListView.js,111
src_jsc/Views/headers.jsc,src_jsc/Views/MTipsListView.jsc,top-level,,Views/MTipsListView.js,113
src_jsc/Views/headers.jsc,src_jsc/Views/StoreItemView.jsc,top-level,,Views/StoreItemView.js,115
src_jsc/Views/headers.jsc,src_jsc/Views/ItemCell.jsc,top-level,,Views/ItemCell.js,117
src_jsc/Views/headers.jsc,src_jsc/Views/ItemShowList.jsc,top-level,,Views/ItemShowList.js,119
src_jsc/Views/headers.jsc,src_jsc/Views/TouchableIcon.jsc,top-level,,Views/TouchableIcon.js,121
src_jsc/Views/headers.jsc,src_jsc/Views/UserLevelUp.jsc,top-level,,Views/UserLevelUp.js,123
src_jsc/Views/headers.jsc,src_jsc/Views/VipCell.jsc,top-level,,Views/VipCell.js,125
src_jsc/Views/headers.jsc,src_jsc/Views/WorshipDescView.jsc,top-level,,Views/WorshipDescView.js,127
src_jsc/Views/headers.jsc,src_jsc/Views/WorshipInfoView.jsc,top-level,,Views/WorshipInfoView.js,129
src_jsc/Views/headers.jsc,src_jsc/Views/WorshipCardAdd.jsc,top-level,,Views/WorshipCardAdd.js,131
src_jsc/Views/headers.jsc,src_jsc/Views/WorshipWinePopNode.jsc,top-level,,Views/WorshipWinePopNode.js,133
src_jsc/Views/headers.jsc,src_jsc/Views/CardListView.jsc,top-level,,Views/CardListView.js,135
src_jsc/Views/headers.jsc,src_jsc/Views/ClimbLadderArtifactStorey.jsc,top-level,,Views/ClimbLadderArtifactStorey.js,137
src_jsc/Views/headers.jsc,src_jsc/Views/ClimbLadderPFKGView.jsc,top-level,,Views/ClimbLadderPFKGView.js,139
src_jsc/Views/headers.jsc,src_jsc/Views/ChangeName.jsc,top-level,,Views/ChangeName.js,141
src_jsc/Views/headers.jsc,src_jsc/Views/ListTableView.jsc,top-level,,Views/ListTableView.js,143
src_jsc/Views/headers.jsc,src_jsc/Views/HandbookCell.jsc,top-level,,Views/HandbookCell.js,145
src_jsc/Views/headers.jsc,src_jsc/Views/CardNavigateView.jsc,top-level,,Views/CardNavigateView.js,147
src_jsc/Views/headers.jsc,src_jsc/Views/HDShowViews.jsc,top-level,,Views/HDShowViews.js,149
src_jsc/Views/headers.jsc,src_jsc/Views/ReplaceCardPanel.jsc,top-level,,Views/ReplaceCardPanel.js,151
src_jsc/Views/headers.jsc,src_jsc/Views/ReplaceCardList.jsc,top-level,,Views/ReplaceCardList.js,153
src_jsc/Views/headers.jsc,src_jsc/Views/GeneralCardShow.jsc,top-level,,Views/GeneralCardShow.js,155
src_jsc/Views/headers.jsc,src_jsc/Views/ScrollView.jsc,top-level,,Views/ScrollView.js,157
src_jsc/Views/headers.jsc,src_jsc/Views/ReincarnationView.jsc,top-level,,Views/ReincarnationView.js,159
src_jsc/Views/headers.jsc,src_jsc/Views/GeneralPlayView.jsc,top-level,,Views/GeneralPlayView.js,161
src_jsc/Views/headers.jsc,src_jsc/Views/GeneralSwapView.jsc,top-level,,Views/GeneralSwapView.js,163
src_jsc/Views/headers.jsc,src_jsc/Views/SurrenderReachView.jsc,top-level,,Views/SurrenderReachView.js,165
src_jsc/Views/headers.jsc,src_jsc/Views/SkillPieceIconShow.jsc,top-level,,Views/SkillPieceIconShow.js,167
src_jsc/Views/headers.jsc,src_jsc/Views/SkillCompoundView.jsc,top-level,,Views/SkillCompoundView.js,169
src_jsc/Views/headers.jsc,src_jsc/Views/ChatContentLayer.jsc,top-level,,Views/ChatContentLayer.js,171
src_jsc/Views/headers.jsc,src_jsc/Views/ChatTablePageView.jsc,top-level,,Views/ChatTablePageView.js,173
src_jsc/Views/headers.jsc,src_jsc/Views/Union/headers.jsc,top-level,,Views/Union/headers.js,175
src_jsc/Views/headers.jsc,src_jsc/Views/QuickFight.jsc,top-level,,Views/QuickFight.js,177
src_jsc/Views/headers.jsc,src_jsc/Views/TeamIconButton_Buddy.jsc,top-level,,Views/TeamIconButton_Buddy.js,179
src_jsc/Views/headers.jsc,src_jsc/Views/UnionWarBattleView.jsc,top-level,,Views/UnionWarBattleView.js,181
src_jsc/Views/headers.jsc,src_jsc/Views/UnionWarPlayerHeadView.jsc,top-level,,Views/UnionWarPlayerHeadView.js,183
src_jsc/Views/headers.jsc,src_jsc/Views/UnionWarPlayerHeadFightView.jsc,top-level,,Views/UnionWarPlayerHeadFightView.js,185
src_jsc/Views/headers.jsc,src_jsc/Views/UnionWarFightView.jsc,top-level,,Views/UnionWarFightView.js,187
src_jsc/Views/headers.jsc,src_jsc/Views/CardListView_v2.jsc,top-level,,Views/CardListView_v2.js,189
src_jsc/Views/headers.jsc,src_jsc/Views/UpgradeGuideInMainView.jsc,top-level,,Views/UpgradeGuideInMainView.js,191
src_jsc/Views/headers.jsc,src_jsc/Views/InterService/headers.jsc,top-level,,Views/InterService/headers.js,193
src_jsc/Views/headers.jsc,src_jsc/Views/MiracleWeapons/headers.jsc,top-level,,Views/MiracleWeapons/headers.js,195
src_jsc/Views/headers.jsc,src_jsc/Views/DecisiveBattle/headers.jsc,top-level,,Views/DecisiveBattle/headers.js,197
src_jsc/Views/headers.jsc,src_jsc/Views/Goddess/headers.jsc,top-level,,Views/Goddess/headers.js,199
src_jsc/Views/headers.jsc,src_jsc/Views/HulaoBattle/headers.jsc,top-level,,Views/HulaoBattle/headers.js,201
src_jsc/Views/headers.jsc,src_jsc/Views/MultiLineUpView.jsc,top-level,,Views/MultiLineUpView.js,203
src_jsc/Views/headers.jsc,src_jsc/Views/ShowTeamView.jsc,top-level,,Views/ShowTeamView.js,205
src_jsc/Views/headers.jsc,src_jsc/Views/Meridians/headers.jsc,top-level,,Views/Meridians/headers.js,207
src_jsc/Views/headers.jsc,src_jsc/Views/BeautyIconButton.jsc,top-level,,Views/BeautyIconButton.js,209
src_jsc/Views/headers.jsc,src_jsc/Views/SkillRefining/headers.jsc,top-level,,Views/SkillRefining/headers.js,211
src_jsc/headers.jsc,src_jsc/cfg.jsc,top-level,,cfg.js,33
src_jsc/headers.jsc,src_jsc/Libs/headers.jsc,top-level,,Libs/headers.js,66
src_jsc/headers.jsc,src_jsc/Utils/headers.jsc,top-level,,Utils/headers.js,68
src_jsc/headers.jsc,src_jsc/Cfg/headers.jsc,top-level,,Cfg/headers.js,70
src_jsc/headers.jsc,src_jsc/Debug/headers.jsc,top-level,,Debug/headers.js,72
src_jsc/headers.jsc,src_jsc/Prototype/headers.jsc,top-level,,Prototype/headers.js,74
src_jsc/headers.jsc,src_jsc/Factorys/headers.jsc,top-level,,Factorys/headers.js,76
src_jsc/headers.jsc,src_jsc/Tools/headers.jsc,top-level,,Tools/headers.js,78
src_jsc/headers.jsc,src_jsc/AnySdk/headers.jsc,top-level,,AnySdk/headers.js,80
src_jsc/headers.jsc,src_jsc/EasySdk/headers.jsc,top-level,,EasySdk/headers.js,82
src_jsc/headers.jsc,src_jsc/Models/headers.jsc,top-level,,Models/headers.js,84
src_jsc/headers.jsc,src_jsc/Profile/headers.jsc,top-level,,Profile/headers.js,86
src_jsc/headers.jsc,src_jsc/Views/headers.jsc,top-level,,Views/headers.js,88
src_jsc/headers.jsc,src_jsc/Audio/headers.jsc,top-level,,Audio/headers.js,90
src_jsc/headers.jsc,src_jsc/Skill/headers.jsc,top-level,,Skill/headers.js,92
src_jsc/headers.jsc,src_jsc/Scene/headers.jsc,top-level,,Scene/headers.js,94
src_jsc/headers.jsc,src_jsc/Guide/headers.jsc,top-level,,Guide/headers.js,96
src_jsc/headers.jsc,src_jsc/cpp2jsb.jsc,top-level,,cpp2jsb.js,104
src_jsc/headers.jsc,src_jsc/debug.jsc,top-level,,debug.js,150
src_jsc/main.jsc,src_jsc/Core/headers.jsc,top-level,,Core/headers.js,24
src_jsc/main.jsc,src_jsc/Update/headers.jsc,top-level,,Update/headers.js,43
src_jsc/main.jsc,src_jsc/Core/headers.jsc,nested,main_game,Core/headers.js,1206
src_jsc/main.jsc,src_jsc/headers.jsc,nested,main_game,headers.js,1213
