tree,relative_path,output_path,input_bytes,status,bytecode_scripts,instructions,functions,error
data_cn_jsc,art/sgs_config_bmf.jsc,data_cn_jsc/art/sgs_config_bmf.js.disasm.txt,1942,ok,1,108,0,
data_cn_jsc,art/sgs_config_ls.jsc,data_cn_jsc/art/sgs_config_ls.js.disasm.txt,12315,ok,1,1229,0,
data_cn_jsc,art/sgs_config_ttf.jsc,data_cn_jsc/art/sgs_config_ttf.js.disasm.txt,12701,ok,1,2867,0,
data_cn_jsc,plan/cfg_evolution_total_buff.jsc,data_cn_jsc/plan/cfg_evolution_total_buff.js.disasm.txt,165851,ok,1,58268,0,
data_cn_jsc,plan/sgs_beauty_conf_detail.jsc,data_cn_jsc/plan/sgs_beauty_conf_detail.js.disasm.txt,27913,ok,1,4678,0,
data_cn_jsc,plan/sgs_buddy_conf.jsc,data_cn_jsc/plan/sgs_buddy_conf.js.disasm.txt,951,ok,1,152,0,
data_cn_jsc,plan/sgs_combat_level_conf.jsc,data_cn_jsc/plan/sgs_combat_level_conf.js.disasm.txt,77636,ok,1,14064,0,
data_cn_jsc,plan/sgs_config_btn.jsc,data_cn_jsc/plan/sgs_config_btn.js.disasm.txt,493,ok,1,22,0,
data_cn_jsc,plan/sgs_config_label.jsc,data_cn_jsc/plan/sgs_config_label.js.disasm.txt,11440,ok,1,1584,0,
data_cn_jsc,plan/sgs_dungeon_conf.jsc,data_cn_jsc/plan/sgs_dungeon_conf.js.disasm.txt,57202,ok,1,8042,0,
data_cn_jsc,plan/sgs_dungeon_plot_conf.jsc,data_cn_jsc/plan/sgs_dungeon_plot_conf.js.disasm.txt,30713,ok,1,5490,0,
data_cn_jsc,plan/sgs_dungeon_plot_dialog.jsc,data_cn_jsc/plan/sgs_dungeon_plot_dialog.js.disasm.txt,441052,ok,1,47159,0,
data_cn_jsc,plan/sgs_eated_exp_conf.jsc,data_cn_jsc/plan/sgs_eated_exp_conf.js.disasm.txt,9932,ok,1,1646,0,
data_cn_jsc,plan/sgs_equipments.jsc,data_cn_jsc/plan/sgs_equipments.js.disasm.txt,79010,ok,1,12322,0,
data_cn_jsc,plan/sgs_evolution.jsc,data_cn_jsc/plan/sgs_evolution.js.disasm.txt,7966,ok,1,628,0,
data_cn_jsc,plan/sgs_evolution_buff_conf.jsc,data_cn_jsc/plan/sgs_evolution_buff_conf.js.disasm.txt,198823,ok,1,46632,0,
data_cn_jsc,plan/sgs_evolution_open_conf.jsc,data_cn_jsc/plan/sgs_evolution_open_conf.js.disasm.txt,16440,ok,1,1744,0,
data_cn_jsc,plan/sgs_evolution_surrender.jsc,data_cn_jsc/plan/sgs_evolution_surrender.js.disasm.txt,9993,ok,1,1372,0,
data_cn_jsc,plan/sgs_fates.jsc,data_cn_jsc/plan/sgs_fates.js.disasm.txt,314177,ok,1,50348,0,
data_cn_jsc,plan/sgs_function_level_conf.jsc,data_cn_jsc/plan/sgs_function_level_conf.js.disasm.txt,5192,ok,1,531,0,
data_cn_jsc,plan/sgs_gem.jsc,data_cn_jsc/plan/sgs_gem.js.disasm.txt,7597,ok,1,872,0,
data_cn_jsc,plan/sgs_general_surrender.jsc,data_cn_jsc/plan/sgs_general_surrender.js.disasm.txt,72508,ok,1,9328,0,
data_cn_jsc,plan/sgs_generals.jsc,data_cn_jsc/plan/sgs_generals.js.disasm.txt,237241,ok,1,34032,0,
data_cn_jsc,plan/sgs_global_conf.jsc,data_cn_jsc/plan/sgs_global_conf.js.disasm.txt,15942,ok,1,620,0,
data_cn_jsc,plan/sgs_godness.jsc,data_cn_jsc/plan/sgs_godness.js.disasm.txt,4355,ok,1,493,0,
data_cn_jsc,plan/sgs_godness_fates.jsc,data_cn_jsc/plan/sgs_godness_fates.js.disasm.txt,5033,ok,1,521,0,
data_cn_jsc,plan/sgs_godness_skin.jsc,data_cn_jsc/plan/sgs_godness_skin.js.disasm.txt,1271,ok,1,184,0,
data_cn_jsc,plan/sgs_hulao_reward_conf.jsc,data_cn_jsc/plan/sgs_hulao_reward_conf.js.disasm.txt,1357,ok,1,212,0,
data_cn_jsc,plan/sgs_i18n.jsc,data_cn_jsc/plan/sgs_i18n.js.disasm.txt,3055529,ok,1,271371,0,
data_cn_jsc,plan/sgs_insight_grow_type.jsc,data_cn_jsc/plan/sgs_insight_grow_type.js.disasm.txt,5107,ok,1,949,0,
data_cn_jsc,plan/sgs_item.jsc,data_cn_jsc/plan/sgs_item.js.disasm.txt,1417244,ok,1,226210,0,
data_cn_jsc,plan/sgs_lieutenant_skill.jsc,data_cn_jsc/plan/sgs_lieutenant_skill.js.disasm.txt,2643,ok,1,448,0,
data_cn_jsc,plan/sgs_magic_buff_conf.jsc,data_cn_jsc/plan/sgs_magic_buff_conf.js.disasm.txt,635939,ok,1,158068,0,
data_cn_jsc,plan/sgs_map_conf.jsc,data_cn_jsc/plan/sgs_map_conf.js.disasm.txt,250,ok,1,8,0,
data_cn_jsc,plan/sgs_melt_conf.jsc,data_cn_jsc/plan/sgs_melt_conf.js.disasm.txt,3505,ok,1,566,0,
data_cn_jsc,plan/sgs_meridian_conf.jsc,data_cn_jsc/plan/sgs_meridian_conf.js.disasm.txt,10539,ok,1,3624,0,
data_cn_jsc,plan/sgs_meridian_point_conf.jsc,data_cn_jsc/plan/sgs_meridian_point_conf.js.disasm.txt,268437,ok,1,67496,0,
data_cn_jsc,plan/sgs_meridian_top_conf.jsc,data_cn_jsc/plan/sgs_meridian_top_conf.js.disasm.txt,922,ok,1,88,0,
data_cn_jsc,plan/sgs_random_name.jsc,data_cn_jsc/plan/sgs_random_name.js.disasm.txt,9823,ok,1,394,0,
data_cn_jsc,plan/sgs_refine_conf.jsc,data_cn_jsc/plan/sgs_refine_conf.js.disasm.txt,2407,ok,1,476,0,
data_cn_jsc,plan/sgs_resource.jsc,data_cn_jsc/plan/sgs_resource.js.disasm.txt,209088,ok,1,31676,0,
data_cn_jsc,plan/sgs_sell_conf.jsc,data_cn_jsc/plan/sgs_sell_conf.js.disasm.txt,302726,ok,1,46977,0,
data_cn_jsc,plan/sgs_skill_advanced_conf.jsc,data_cn_jsc/plan/sgs_skill_advanced_conf.js.disasm.txt,151604,ok,1,23668,0,
data_cn_jsc,plan/sgs_skill_effect.jsc,data_cn_jsc/plan/sgs_skill_effect.js.disasm.txt,7927,ok,1,1816,0,
data_cn_jsc,plan/sgs_skill_melt_conf.jsc,data_cn_jsc/plan/sgs_skill_melt_conf.js.disasm.txt,4007,ok,1,677,0,
data_cn_jsc,plan/sgs_skill_refine_conf.jsc,data_cn_jsc/plan/sgs_skill_refine_conf.js.disasm.txt,8047,ok,1,1502,0,
data_cn_jsc,plan/sgs_skills.jsc,data_cn_jsc/plan/sgs_skills.js.disasm.txt,157314,ok,1,21901,0,
data_cn_jsc,plan/sgs_surrender.jsc,data_cn_jsc/plan/sgs_surrender.js.disasm.txt,245681,ok,1,37169,0,
data_cn_jsc,plan/sgs_union_war_battle_conf.jsc,data_cn_jsc/plan/sgs_union_war_battle_conf.js.disasm.txt,1233,ok,1,104,0,
data_cn_jsc,plan/sgs_upgrade_coin_conf.jsc,data_cn_jsc/plan/sgs_upgrade_coin_conf.js.disasm.txt,364904,ok,1,46847,0,
data_cn_jsc,plan/sgs_upgrade_exp_conf.jsc,data_cn_jsc/plan/sgs_upgrade_exp_conf.js.disasm.txt,324654,ok,1,34592,0,
data_cn_jsc,plan/sgs_upgrade_guide_conf.jsc,data_cn_jsc/plan/sgs_upgrade_guide_conf.js.disasm.txt,169,ok,1,1,0,
data_cn_jsc,plan/sgs_user_level_conf.jsc,data_cn_jsc/plan/sgs_user_level_conf.js.disasm.txt,35992,ok,1,4818,0,
data_cn_jsc,plan/sgs_vip_level_conf.jsc,data_cn_jsc/plan/sgs_vip_level_conf.js.disasm.txt,5290,ok,1,615,0,
data_cn_jsc,plan/sgs_world_war_schedule.jsc,data_cn_jsc/plan/sgs_world_war_schedule.js.disasm.txt,2317,ok,1,248,0,
src_jsc,AnySdk/AnySdkCallback.jsc,src_jsc/AnySdk/AnySdkCallback.js.disasm.txt,13282,ok,15,1405,14,
src_jsc,AnySdk/AnySdkConst.jsc,src_jsc/AnySdk/AnySdkConst.js.disasm.txt,4501,ok,1,267,0,
src_jsc,AnySdk/AnySdkHelp_js.jsc,src_jsc/AnySdk/AnySdkHelp_js.js.disasm.txt,9590,ok,19,758,18,
src_jsc,AnySdk/headers.jsc,src_jsc/AnySdk/headers.js.disasm.txt,724,ok,1,42,0,
src_jsc,AppAwake.jsc,src_jsc/AppAwake.js.disasm.txt,245,ok,1,7,0,
src_jsc,Audio/Engine.jsc,src_jsc/Audio/Engine.js.disasm.txt,7461,ok,22,603,21,
src_jsc,Audio/headers.jsc,src_jsc/Audio/headers.js.disasm.txt,359,ok,1,23,0,
src_jsc,Cfg/Animate.jsc,src_jsc/Cfg/Animate.js.disasm.txt,412,ok,1,18,0,
src_jsc,Cfg/Armature.jsc,src_jsc/Cfg/Armature.js.disasm.txt,68662,ok,1,1572,0,
src_jsc,Cfg/Audio.jsc,src_jsc/Cfg/Audio.js.disasm.txt,2930,ok,1,143,0,
src_jsc,Cfg/BMFont.jsc,src_jsc/Cfg/BMFont.js.disasm.txt,546,ok,1,27,0,
src_jsc,Cfg/Btn.jsc,src_jsc/Cfg/Btn.js.disasm.txt,36004,ok,1,1765,0,
src_jsc,Cfg/CCBI.jsc,src_jsc/Cfg/CCBI.js.disasm.txt,22259,ok,1,383,0,
src_jsc,Cfg/Constant.jsc,src_jsc/Cfg/Constant.js.disasm.txt,71739,ok,1,2716,0,
src_jsc,Cfg/Fight/NewPlayerFight.jsc,src_jsc/Cfg/Fight/NewPlayerFight.js.disasm.txt,11631,ok,1,2401,0,
src_jsc,Cfg/Fight/SkillPreview.jsc,src_jsc/Cfg/Fight/SkillPreview.js.disasm.txt,59008,ok,1,4788,0,
src_jsc,Cfg/Fight/headers.jsc,src_jsc/Cfg/Fight/headers.js.disasm.txt,471,ok,1,27,0,
src_jsc,Cfg/Font.jsc,src_jsc/Cfg/Font.js.disasm.txt,1558,ok,1,261,0,
src_jsc,Cfg/Guide.jsc,src_jsc/Cfg/Guide.js.disasm.txt,16721,ok,1,1720,0,
src_jsc,Cfg/Label.jsc,src_jsc/Cfg/Label.js.disasm.txt,4024,ok,1,325,0,
src_jsc,Cfg/Langage.jsc,src_jsc/Cfg/Langage.js.disasm.txt,612,ok,1,31,0,
src_jsc,Cfg/Meta.jsc,src_jsc/Cfg/Meta.js.disasm.txt,181,ok,1,1,0,
src_jsc,Cfg/Notification.jsc,src_jsc/Cfg/Notification.js.disasm.txt,409,ok,1,11,0,
src_jsc,Cfg/Particle.jsc,src_jsc/Cfg/Particle.js.disasm.txt,1053,ok,1,64,0,
src_jsc,Cfg/Resource/Card.jsc,src_jsc/Cfg/Resource/Card.js.disasm.txt,332,ok,1,18,0,
src_jsc,Cfg/Resource/Head.jsc,src_jsc/Cfg/Resource/Head.js.disasm.txt,457,ok,1,34,0,
src_jsc,Cfg/Resource/Path.jsc,src_jsc/Cfg/Resource/Path.js.disasm.txt,1367,ok,1,81,0,
src_jsc,Cfg/Resource/headers.jsc,src_jsc/Cfg/Resource/headers.js.disasm.txt,511,ok,1,29,0,
src_jsc,Cfg/Scene.jsc,src_jsc/Cfg/Scene.js.disasm.txt,11956,ok,1,1676,0,
src_jsc,Cfg/Sprite.jsc,src_jsc/Cfg/Sprite.js.disasm.txt,72905,ok,1,1399,0,
src_jsc,Cfg/String.jsc,src_jsc/Cfg/String.js.disasm.txt,5974,ok,1,3,0,
src_jsc,Cfg/Url.jsc,src_jsc/Cfg/Url.js.disasm.txt,29599,ok,2,811,1,
src_jsc,Cfg/alias.jsc,src_jsc/Cfg/alias.js.disasm.txt,506,ok,1,30,0,
src_jsc,Cfg/headers.jsc,src_jsc/Cfg/headers.js.disasm.txt,5838,ok,1,434,0,
src_jsc,Core/Cocos2d-x/CCNotificationCenter.jsc,src_jsc/Core/Cocos2d-x/CCNotificationCenter.js.disasm.txt,4750,ok,14,461,13,
src_jsc,Core/Cocos2d-x/jsb.jsc,src_jsc/Core/Cocos2d-x/jsb.js.disasm.txt,1375,ok,1,85,0,
src_jsc,Core/Cocos2d-x/jsb_chipmunk.jsc,src_jsc/Core/Cocos2d-x/jsb_chipmunk.js.disasm.txt,11555,ok,47,1016,46,
src_jsc,Core/Cocos2d-x/jsb_chipmunk_constants.jsc,src_jsc/Core/Cocos2d-x/jsb_chipmunk_constants.js.disasm.txt,984,ok,1,70,0,
src_jsc,Core/Cocos2d-x/jsb_cocos2d.jsc,src_jsc/Core/Cocos2d-x/jsb_cocos2d.js.disasm.txt,34273,ok,96,3536,95,
src_jsc,Core/Cocos2d-x/jsb_cocos2d_constants.jsc,src_jsc/Core/Cocos2d-x/jsb_cocos2d_constants.js.disasm.txt,12008,ok,1,679,0,
src_jsc,Core/Cocos2d-x/jsb_cocos2d_extension.jsc,src_jsc/Core/Cocos2d-x/jsb_cocos2d_extension.js.disasm.txt,4402,ok,4,274,3,
src_jsc,Core/Cocos2d-x/jsb_cocos2d_studio.jsc,src_jsc/Core/Cocos2d-x/jsb_cocos2d_studio.js.disasm.txt,23256,ok,50,2338,49,
src_jsc,Core/Cocos2d-x/jsb_cocosbuilder.jsc,src_jsc/Core/Cocos2d-x/jsb_cocosbuilder.js.disasm.txt,5689,ok,4,695,3,
src_jsc,Core/Cocos2d-x/jsb_debugger.jsc,src_jsc/Core/Cocos2d-x/jsb_debugger.js.disasm.txt,22310,ok,35,2166,34,
src_jsc,Core/Cocos2d-x/jsb_deprecated.jsc,src_jsc/Core/Cocos2d-x/jsb_deprecated.js.disasm.txt,6111,ok,14,386,13,
src_jsc,Core/Cocos2d-x/jsb_opengl.jsc,src_jsc/Core/Cocos2d-x/jsb_opengl.js.disasm.txt,11512,ok,34,878,33,
src_jsc,Core/Cocos2d-x/jsb_opengl_constants.jsc,src_jsc/Core/Cocos2d-x/jsb_opengl_constants.js.disasm.txt,49296,ok,1,3294,0,
src_jsc,Core/Cocos2d-x/jsb_sys.jsc,src_jsc/Core/Cocos2d-x/jsb_sys.js.disasm.txt,1992,ok,8,141,7,
src_jsc,Core/Cocos2d-x/main.debug.jsc,src_jsc/Core/Cocos2d-x/main.debug.js.disasm.txt,715,ok,1,65,0,
src_jsc,Core/Constant.jsc,src_jsc/Core/Constant.js.disasm.txt,5860,ok,1,419,0,
src_jsc,Core/CoreString.jsc,src_jsc/Core/CoreString.js.disasm.txt,2626,ok,1,201,0,
src_jsc,Core/Debug/headers.jsc,src_jsc/Core/Debug/headers.js.disasm.txt,2839,ok,8,269,7,
src_jsc,Core/Factorys/headers.jsc,src_jsc/Core/Factorys/headers.js.disasm.txt,2037,ok,6,139,5,
src_jsc,Core/Scene/headers.jsc,src_jsc/Core/Scene/headers.js.disasm.txt,642,ok,2,44,1,
src_jsc,Core/Tools/AccountSys.jsc,src_jsc/Core/Tools/AccountSys.js.disasm.txt,3635,ok,7,196,6,
src_jsc,Core/Tools/Jsb.jsc,src_jsc/Core/Tools/Jsb.js.disasm.txt,7105,ok,21,497,20,
src_jsc,Core/Tools/PaySys.jsc,src_jsc/Core/Tools/PaySys.js.disasm.txt,3715,ok,8,207,7,
src_jsc,Core/Tools/ProductSys.jsc,src_jsc/Core/Tools/ProductSys.js.disasm.txt,2844,ok,6,215,5,
src_jsc,Core/Tools/Statistic.jsc,src_jsc/Core/Tools/Statistic.js.disasm.txt,719,ok,2,51,1,
src_jsc,Core/Tools/String.jsc,src_jsc/Core/Tools/String.js.disasm.txt,1062,ok,3,70,2,
src_jsc,Core/Tools/headers.jsc,src_jsc/Core/Tools/headers.js.disasm.txt,659,ok,1,29,0,
src_jsc,Core/Utils/headers.jsc,src_jsc/Core/Utils/headers.js.disasm.txt,12209,ok,25,1583,24,
src_jsc,Core/alias.jsc,src_jsc/Core/alias.js.disasm.txt,2037,ok,1,171,0,
src_jsc,Core/headers.jsc,src_jsc/Core/headers.js.disasm.txt,2892,ok,6,279,5,
src_jsc,Debug/Debug.jsc,src_jsc/Debug/Debug.js.disasm.txt,11702,ok,23,1439,22,
src_jsc,Debug/Logger.jsc,src_jsc/Debug/Logger.js.disasm.txt,5388,ok,14,493,13,
src_jsc,Debug/alias.jsc,src_jsc/Debug/alias.js.disasm.txt,1801,ok,2,196,1,
src_jsc,Debug/headers.jsc,src_jsc/Debug/headers.js.disasm.txt,444,ok,1,27,0,
src_jsc,EasySdk/Account.jsc,src_jsc/EasySdk/Account.js.disasm.txt,5846,ok,6,511,5,
src_jsc,EasySdk/Payment.jsc,src_jsc/EasySdk/Payment.js.disasm.txt,5393,ok,6,474,5,
src_jsc,EasySdk/headers.jsc,src_jsc/EasySdk/headers.js.disasm.txt,766,ok,1,52,0,
src_jsc,Factorys/Add.jsc,src_jsc/Factorys/Add.js.disasm.txt,2747,ok,2,308,1,
src_jsc,Factorys/Animate.jsc,src_jsc/Factorys/Animate.js.disasm.txt,1723,ok,2,200,1,
src_jsc,Factorys/Armature.jsc,src_jsc/Factorys/Armature.js.disasm.txt,9132,ok,12,976,11,
src_jsc,Factorys/BaseLabel.jsc,src_jsc/Factorys/BaseLabel.js.disasm.txt,5858,ok,12,561,11,
src_jsc,Factorys/Fate.jsc,src_jsc/Factorys/Fate.js.disasm.txt,612,ok,2,42,1,
src_jsc,Factorys/Label.jsc,src_jsc/Factorys/Label.js.disasm.txt,4073,ok,9,358,8,
src_jsc,Factorys/LabelBMFont.jsc,src_jsc/Factorys/LabelBMFont.js.disasm.txt,5773,ok,10,662,9,
src_jsc,Factorys/LabelTTF.jsc,src_jsc/Factorys/LabelTTF.js.disasm.txt,3932,ok,6,406,5,
src_jsc,Factorys/Particle.jsc,src_jsc/Factorys/Particle.js.disasm.txt,1187,ok,2,109,1,
src_jsc,Factorys/Skill/Item/Item.jsc,src_jsc/Factorys/Skill/Item/Item.js.disasm.txt,31141,ok,33,3096,32,
src_jsc,Factorys/Skill/Item/Timeline.jsc,src_jsc/Factorys/Skill/Item/Timeline.js.disasm.txt,17429,ok,13,2564,12,
src_jsc,Factorys/Skill/Item/headers.jsc,src_jsc/Factorys/Skill/Item/headers.js.disasm.txt,479,ok,1,25,0,
src_jsc,Factorys/Skill/Part.jsc,src_jsc/Factorys/Skill/Part.js.disasm.txt,10849,ok,10,1601,9,
src_jsc,Factorys/Skill/Skill.jsc,src_jsc/Factorys/Skill/Skill.js.disasm.txt,19016,ok,18,2719,17,
src_jsc,Factorys/Skill/headers.jsc,src_jsc/Factorys/Skill/headers.js.disasm.txt,523,ok,1,27,0,
src_jsc,Factorys/Sprite.jsc,src_jsc/Factorys/Sprite.js.disasm.txt,8952,ok,15,1021,14,
src_jsc,Factorys/String.jsc,src_jsc/Factorys/String.js.disasm.txt,792,ok,3,37,2,
src_jsc,Factorys/headers.jsc,src_jsc/Factorys/headers.js.disasm.txt,923,ok,1,43,0,
src_jsc,Guide/GuideMgr.jsc,src_jsc/Guide/GuideMgr.js.disasm.txt,19124,ok,29,2072,28,
src_jsc,Guide/GuideStepPlugin.jsc,src_jsc/Guide/GuideStepPlugin.js.disasm.txt,10660,ok,14,1124,13,
src_jsc,Guide/headers.jsc,src_jsc/Guide/headers.js.disasm.txt,425,ok,1,25,0,
src_jsc,Libs/CCExt.jsc,src_jsc/Libs/CCExt.js.disasm.txt,5131,ok,2,670,1,
src_jsc,Libs/Constant.jsc,src_jsc/Libs/Constant.js.disasm.txt,840,ok,1,31,0,
src_jsc,Libs/Views/Armature/BaseArmature.jsc,src_jsc/Libs/Views/Armature/BaseArmature.js.disasm.txt,11204,ok,21,1175,20,
src_jsc,Libs/Views/Armature/alias.jsc,src_jsc/Libs/Views/Armature/alias.js.disasm.txt,300,ok,1,10,0,
src_jsc,Libs/Views/Armature/headers.jsc,src_jsc/Libs/Views/Armature/headers.js.disasm.txt,534,ok,1,29,0,
src_jsc,Libs/Views/Button/Factory.jsc,src_jsc/Libs/Views/Button/Factory.js.disasm.txt,8772,ok,12,974,11,
src_jsc,Libs/Views/Button/common.jsc,src_jsc/Libs/Views/Button/common.js.disasm.txt,9921,ok,21,773,20,
src_jsc,Libs/Views/Button/headers.jsc,src_jsc/Libs/Views/Button/headers.js.disasm.txt,413,ok,1,16,0,
src_jsc,Libs/Views/Layer/BaseLayer.jsc,src_jsc/Libs/Views/Layer/BaseLayer.js.disasm.txt,2616,ok,10,194,9,
src_jsc,Libs/Views/headers.jsc,src_jsc/Libs/Views/headers.js.disasm.txt,599,ok,1,38,0,
src_jsc,Libs/alias.jsc,src_jsc/Libs/alias.js.disasm.txt,436,ok,1,18,0,
src_jsc,Libs/headers.jsc,src_jsc/Libs/headers.js.disasm.txt,499,ok,1,29,0,
src_jsc,MemoryWarning.jsc,src_jsc/MemoryWarning.js.disasm.txt,713,ok,1,50,0,
src_jsc,Models/Account/AccountInfo.jsc,src_jsc/Models/Account/AccountInfo.js.disasm.txt,3763,ok,14,272,13,
src_jsc,Models/AdInfo.jsc,src_jsc/Models/AdInfo.js.disasm.txt,1550,ok,6,102,5,
src_jsc,Models/Add.jsc,src_jsc/Models/Add.js.disasm.txt,18859,ok,53,1692,52,
src_jsc,Models/AddShowList.jsc,src_jsc/Models/AddShowList.js.disasm.txt,2203,ok,5,183,4,
src_jsc,Models/Atlas.jsc,src_jsc/Models/Atlas.js.disasm.txt,7252,ok,22,547,21,
src_jsc,Models/Base.jsc,src_jsc/Models/Base.js.disasm.txt,1989,ok,8,152,7,
src_jsc,Models/BaseCfg.jsc,src_jsc/Models/BaseCfg.js.disasm.txt,3329,ok,9,337,8,
src_jsc,Models/BreachModel.jsc,src_jsc/Models/BreachModel.js.disasm.txt,7737,ok,26,456,25,
src_jsc,Models/BuddyGeneral.jsc,src_jsc/Models/BuddyGeneral.js.disasm.txt,2067,ok,8,137,7,
src_jsc,Models/Card.jsc,src_jsc/Models/Card.js.disasm.txt,19830,ok,59,1661,58,
src_jsc,Models/Chapter.jsc,src_jsc/Models/Chapter.js.disasm.txt,6304,ok,19,549,18,
src_jsc,Models/Chat.jsc,src_jsc/Models/Chat.js.disasm.txt,5107,ok,6,696,5,
src_jsc,Models/ChatMessageManager.jsc,src_jsc/Models/ChatMessageManager.js.disasm.txt,9664,ok,16,951,15,
src_jsc,Models/Combat.jsc,src_jsc/Models/Combat.js.disasm.txt,6838,ok,19,558,18,
src_jsc,Models/CultureMedicine.jsc,src_jsc/Models/CultureMedicine.js.disasm.txt,2524,ok,8,249,7,
src_jsc,Models/DailyAdventure.jsc,src_jsc/Models/DailyAdventure.js.disasm.txt,3214,ok,7,296,6,
src_jsc,Models/DataWrapped.jsc,src_jsc/Models/DataWrapped.js.disasm.txt,1289,ok,5,75,4,
src_jsc,Models/Dungeon.jsc,src_jsc/Models/Dungeon.js.disasm.txt,22495,ok,40,2612,39,
src_jsc,Models/Equipment.jsc,src_jsc/Models/Equipment.js.disasm.txt,28921,ok,65,2380,64,
src_jsc,Models/EquipmentExchange.jsc,src_jsc/Models/EquipmentExchange.js.disasm.txt,2365,ok,7,181,6,
src_jsc,Models/EquipmentPiece.jsc,src_jsc/Models/EquipmentPiece.js.disasm.txt,6354,ok,24,439,23,
src_jsc,Models/EvolutionInfo.jsc,src_jsc/Models/EvolutionInfo.js.disasm.txt,17491,ok,26,2126,25,
src_jsc,Models/Fate.jsc,src_jsc/Models/Fate.js.disasm.txt,8279,ok,12,1006,11,
src_jsc,Models/Feast.jsc,src_jsc/Models/Feast.js.disasm.txt,24886,ok,80,2013,79,
src_jsc,Models/Fight/FightInfo.jsc,src_jsc/Models/Fight/FightInfo.js.disasm.txt,11322,ok,35,887,34,
src_jsc,Models/Fight/FightRoundItem.jsc,src_jsc/Models/Fight/FightRoundItem.js.disasm.txt,7774,ok,9,1094,8,
src_jsc,Models/Fight/FightRoundList.jsc,src_jsc/Models/Fight/FightRoundList.js.disasm.txt,17713,ok,21,2714,20,
src_jsc,Models/Fight/headers.jsc,src_jsc/Models/Fight/headers.js.disasm.txt,561,ok,1,29,0,
src_jsc,Models/FightStoryItem.jsc,src_jsc/Models/FightStoryItem.js.disasm.txt,3775,ok,9,334,8,
src_jsc,Models/Game/Package.jsc,src_jsc/Models/Game/Package.js.disasm.txt,1900,ok,7,129,6,
src_jsc,Models/Game/headers.jsc,src_jsc/Models/Game/headers.js.disasm.txt,381,ok,1,20,0,
src_jsc,Models/Gems.jsc,src_jsc/Models/Gems.js.disasm.txt,10414,ok,27,851,26,
src_jsc,Models/General.jsc,src_jsc/Models/General.js.disasm.txt,43860,ok,88,3137,87,
src_jsc,Models/GeneralPreview.jsc,src_jsc/Models/GeneralPreview.js.disasm.txt,4219,ok,16,306,15,
src_jsc,Models/GeneralSoul.jsc,src_jsc/Models/GeneralSoul.js.disasm.txt,11750,ok,39,809,38,
src_jsc,Models/GeneralTraining.jsc,src_jsc/Models/GeneralTraining.js.disasm.txt,7253,ok,25,503,24,
src_jsc,Models/Goddess.jsc,src_jsc/Models/Goddess.js.disasm.txt,12430,ok,29,1149,28,
src_jsc,Models/GoddessFate.jsc,src_jsc/Models/GoddessFate.js.disasm.txt,8089,ok,12,991,11,
src_jsc,Models/Good.jsc,src_jsc/Models/Good.js.disasm.txt,6899,ok,25,570,24,
src_jsc,Models/HD.jsc,src_jsc/Models/HD.js.disasm.txt,7163,ok,17,650,16,
src_jsc,Models/HintModel.jsc,src_jsc/Models/HintModel.js.disasm.txt,13760,ok,26,1666,25,
src_jsc,Models/Item.jsc,src_jsc/Models/Item.js.disasm.txt,30291,ok,40,2805,39,
src_jsc,Models/LadderModel.jsc,src_jsc/Models/LadderModel.js.disasm.txt,4555,ok,16,328,15,
src_jsc,Models/MagicalEqu.jsc,src_jsc/Models/MagicalEqu.js.disasm.txt,11554,ok,27,992,26,
src_jsc,Models/MagicalEquPoint.jsc,src_jsc/Models/MagicalEquPoint.js.disasm.txt,4925,ok,15,416,14,
src_jsc,Models/Mail.jsc,src_jsc/Models/Mail.js.disasm.txt,12308,ok,29,1137,28,
src_jsc,Models/MeltCfg.jsc,src_jsc/Models/MeltCfg.js.disasm.txt,950,ok,2,72,1,
src_jsc,Models/Meridian.jsc,src_jsc/Models/Meridian.js.disasm.txt,6611,ok,14,542,13,
src_jsc,Models/MeridianPoint.jsc,src_jsc/Models/MeridianPoint.js.disasm.txt,8811,ok,17,782,16,
src_jsc,Models/MeridianTop.jsc,src_jsc/Models/MeridianTop.js.disasm.txt,14234,ok,20,1594,19,
src_jsc,Models/OtherPlayerInfo.jsc,src_jsc/Models/OtherPlayerInfo.js.disasm.txt,6192,ok,21,466,20,
src_jsc,Models/Party.jsc,src_jsc/Models/Party.js.disasm.txt,3646,ok,11,323,10,
src_jsc,Models/PartyEvent.jsc,src_jsc/Models/PartyEvent.js.disasm.txt,5334,ok,16,424,15,
src_jsc,Models/Player.jsc,src_jsc/Models/Player.js.disasm.txt,47224,ok,109,4058,108,
src_jsc,Models/PlayerAttr.jsc,src_jsc/Models/PlayerAttr.js.disasm.txt,9203,ok,16,724,15,
src_jsc,Models/PushInfo.jsc,src_jsc/Models/PushInfo.js.disasm.txt,12666,ok,30,1067,29,
src_jsc,Models/RandomNameCfg.jsc,src_jsc/Models/RandomNameCfg.js.disasm.txt,4607,ok,15,381,14,
src_jsc,Models/Res/Map.jsc,src_jsc/Models/Res/Map.js.disasm.txt,289,ok,1,14,0,
src_jsc,Models/Res/headers.jsc,src_jsc/Models/Res/headers.js.disasm.txt,389,ok,1,25,0,
src_jsc,Models/Resource.jsc,src_jsc/Models/Resource.js.disasm.txt,10033,ok,23,927,22,
src_jsc,Models/SellCfg.jsc,src_jsc/Models/SellCfg.js.disasm.txt,950,ok,2,72,1,
src_jsc,Models/ShowData.jsc,src_jsc/Models/ShowData.js.disasm.txt,3614,ok,16,224,15,
src_jsc,Models/Skill.jsc,src_jsc/Models/Skill.js.disasm.txt,22799,ok,53,1939,52,
src_jsc,Models/SkillEffect.jsc,src_jsc/Models/SkillEffect.js.disasm.txt,3635,ok,11,297,10,
src_jsc,Models/SkillExpCfg.jsc,src_jsc/Models/SkillExpCfg.js.disasm.txt,1063,ok,2,72,1,
src_jsc,Models/SkillPiece.jsc,src_jsc/Models/SkillPiece.js.disasm.txt,7217,ok,25,536,24,
src_jsc,Models/Style/headers.jsc,src_jsc/Models/Style/headers.js.disasm.txt,3678,ok,7,359,6,
src_jsc,Models/Surrender.jsc,src_jsc/Models/Surrender.js.disasm.txt,7104,ok,14,610,13,
src_jsc,Models/Task.jsc,src_jsc/Models/Task.js.disasm.txt,2881,ok,10,232,9,
src_jsc,Models/TeamGeneral.jsc,src_jsc/Models/TeamGeneral.js.disasm.txt,2706,ok,8,247,7,
src_jsc,Models/TmpInfo/Achieve.jsc,src_jsc/Models/TmpInfo/Achieve.js.disasm.txt,7009,ok,19,545,18,
src_jsc,Models/TmpInfo/Adventure.jsc,src_jsc/Models/TmpInfo/Adventure.js.disasm.txt,5913,ok,13,521,12,
src_jsc,Models/TmpInfo/Fight.jsc,src_jsc/Models/TmpInfo/Fight.js.disasm.txt,15430,ok,35,1670,34,
src_jsc,Models/TmpInfo/UsrUpgrade.jsc,src_jsc/Models/TmpInfo/UsrUpgrade.js.disasm.txt,3663,ok,11,272,10,
src_jsc,Models/TmpInfo/headers.jsc,src_jsc/Models/TmpInfo/headers.js.disasm.txt,618,ok,1,31,0,
src_jsc,Models/ToastModel.jsc,src_jsc/Models/ToastModel.js.disasm.txt,16515,ok,30,1950,29,
src_jsc,Models/ToastResult.jsc,src_jsc/Models/ToastResult.js.disasm.txt,806,ok,3,51,2,
src_jsc,Models/TransmissionModel.jsc,src_jsc/Models/TransmissionModel.js.disasm.txt,2415,ok,7,173,6,
src_jsc,Models/TreasureBox.jsc,src_jsc/Models/TreasureBox.js.disasm.txt,11314,ok,17,1415,16,
src_jsc,Models/Union.jsc,src_jsc/Models/Union.js.disasm.txt,8046,ok,22,781,21,
src_jsc,Models/UnionMember.jsc,src_jsc/Models/UnionMember.js.disasm.txt,6785,ok,20,555,19,
src_jsc,Models/UnionWar.jsc,src_jsc/Models/UnionWar.js.disasm.txt,30868,ok,55,3219,54,
src_jsc,Models/UnionWarBattleFightInfo.jsc,src_jsc/Models/UnionWarBattleFightInfo.js.disasm.txt,11453,ok,31,1262,30,
src_jsc,Models/UnionWarBattleInfo.jsc,src_jsc/Models/UnionWarBattleInfo.js.disasm.txt,3372,ok,10,255,9,
src_jsc,Models/UnionWarFightingProcess.jsc,src_jsc/Models/UnionWarFightingProcess.js.disasm.txt,5461,ok,16,370,15,
src_jsc,Models/UnionWarPlayer.jsc,src_jsc/Models/UnionWarPlayer.js.disasm.txt,7060,ok,24,500,23,
src_jsc,Models/UpgradeCfg/BaseUpgradeCfg.jsc,src_jsc/Models/UpgradeCfg/BaseUpgradeCfg.js.disasm.txt,5190,ok,15,498,14,
src_jsc,Models/UpgradeCfg/CombatUpgradeCfg.jsc,src_jsc/Models/UpgradeCfg/CombatUpgradeCfg.js.disasm.txt,2239,ok,5,204,4,
src_jsc,Models/UpgradeCfg/EatedExpUpgradeCfg.jsc,src_jsc/Models/UpgradeCfg/EatedExpUpgradeCfg.js.disasm.txt,1048,ok,2,72,1,
src_jsc,Models/UpgradeCfg/EquipmentCfg.jsc,src_jsc/Models/UpgradeCfg/EquipmentCfg.js.disasm.txt,3186,ok,8,300,7,
src_jsc,Models/UpgradeCfg/GeneralExpCfg.jsc,src_jsc/Models/UpgradeCfg/GeneralExpCfg.js.disasm.txt,1222,ok,2,83,1,
src_jsc,Models/UpgradeCfg/InsightGrowType.jsc,src_jsc/Models/UpgradeCfg/InsightGrowType.js.disasm.txt,2247,ok,4,181,3,
src_jsc,Models/UpgradeCfg/PlayerUpgradeCfg.jsc,src_jsc/Models/UpgradeCfg/PlayerUpgradeCfg.js.disasm.txt,3404,ok,10,233,9,
src_jsc,Models/UpgradeCfg/RefineGrowType.jsc,src_jsc/Models/UpgradeCfg/RefineGrowType.js.disasm.txt,1791,ok,4,112,3,
src_jsc,Models/UpgradeCfg/UpgradeCoinCfg.jsc,src_jsc/Models/UpgradeCfg/UpgradeCoinCfg.js.disasm.txt,1026,ok,2,72,1,
src_jsc,Models/UpgradeCfg/UpgradeExpCfg.jsc,src_jsc/Models/UpgradeCfg/UpgradeExpCfg.js.disasm.txt,1017,ok,2,72,1,
src_jsc,Models/UpgradeCfg/headers.jsc,src_jsc/Models/UpgradeCfg/headers.js.disasm.txt,1223,ok,1,43,0,
src_jsc,Models/VipCfg.jsc,src_jsc/Models/VipCfg.js.disasm.txt,1852,ok,6,136,5,
src_jsc,Models/WorshipEntry.jsc,src_jsc/Models/WorshipEntry.js.disasm.txt,2493,ok,9,188,8,
src_jsc,Models/headers.jsc,src_jsc/Models/headers.js.disasm.txt,4710,ok,1,181,0,
src_jsc,Profile/Account.jsc,src_jsc/Profile/Account.js.disasm.txt,2786,ok,8,220,7,
src_jsc,Profile/GameData/AdInfo.jsc,src_jsc/Profile/GameData/AdInfo.js.disasm.txt,806,ok,2,45,1,
src_jsc,Profile/GameData/Atlas.jsc,src_jsc/Profile/GameData/Atlas.js.disasm.txt,5262,ok,15,470,14,
src_jsc,Profile/GameData/Base.jsc,src_jsc/Profile/GameData/Base.js.disasm.txt,9071,ok,18,1003,17,
src_jsc,Profile/GameData/Buddy.jsc,src_jsc/Profile/GameData/Buddy.js.disasm.txt,7355,ok,16,672,15,
src_jsc,Profile/GameData/BuyPeachPriceData.jsc,src_jsc/Profile/GameData/BuyPeachPriceData.js.disasm.txt,1328,ok,5,48,4,
src_jsc,Profile/GameData/CardShowData.jsc,src_jsc/Profile/GameData/CardShowData.js.disasm.txt,3904,ok,7,409,6,
src_jsc,Profile/GameData/Combat.jsc,src_jsc/Profile/GameData/Combat.js.disasm.txt,2305,ok,6,201,5,
src_jsc,Profile/GameData/EquipmentPieces.jsc,src_jsc/Profile/GameData/EquipmentPieces.js.disasm.txt,2364,ok,4,172,3,
src_jsc,Profile/GameData/Equipments.jsc,src_jsc/Profile/GameData/Equipments.js.disasm.txt,14327,ok,32,1367,31,
src_jsc,Profile/GameData/EvolutionInfos.jsc,src_jsc/Profile/GameData/EvolutionInfos.js.disasm.txt,5695,ok,9,596,8,
src_jsc,Profile/GameData/Fate.jsc,src_jsc/Profile/GameData/Fate.js.disasm.txt,11428,ok,17,1212,16,
src_jsc,Profile/GameData/Gems.jsc,src_jsc/Profile/GameData/Gems.js.disasm.txt,3279,ok,6,327,5,
src_jsc,Profile/GameData/GeneralSouls.jsc,src_jsc/Profile/GameData/GeneralSouls.js.disasm.txt,5715,ok,10,614,9,
src_jsc,Profile/GameData/Generals.jsc,src_jsc/Profile/GameData/Generals.js.disasm.txt,33330,ok,43,3920,42,
src_jsc,Profile/GameData/Goddess.jsc,src_jsc/Profile/GameData/Goddess.js.disasm.txt,7707,ok,15,818,14,
src_jsc,Profile/GameData/GoddessFate.jsc,src_jsc/Profile/GameData/GoddessFate.js.disasm.txt,5800,ok,9,602,8,
src_jsc,Profile/GameData/Hint.jsc,src_jsc/Profile/GameData/Hint.js.disasm.txt,24884,ok,69,2039,68,
src_jsc,Profile/GameData/HuLaoBattleData.jsc,src_jsc/Profile/GameData/HuLaoBattleData.js.disasm.txt,977,ok,3,44,2,
src_jsc,Profile/GameData/Index.jsc,src_jsc/Profile/GameData/Index.js.disasm.txt,3522,ok,10,337,9,
src_jsc,Profile/GameData/Items.jsc,src_jsc/Profile/GameData/Items.js.disasm.txt,8913,ok,21,816,20,
src_jsc,Profile/GameData/LadderInfo.jsc,src_jsc/Profile/GameData/LadderInfo.js.disasm.txt,2410,ok,8,164,7,
src_jsc,Profile/GameData/MagicalEqus.jsc,src_jsc/Profile/GameData/MagicalEqus.js.disasm.txt,3167,ok,6,280,5,
src_jsc,Profile/GameData/Map.jsc,src_jsc/Profile/GameData/Map.js.disasm.txt,9019,ok,15,1259,14,
src_jsc,Profile/GameData/MeridianTops.jsc,src_jsc/Profile/GameData/MeridianTops.js.disasm.txt,5081,ok,6,636,5,
src_jsc,Profile/GameData/Mgr.jsc,src_jsc/Profile/GameData/Mgr.js.disasm.txt,10744,ok,18,1024,17,
src_jsc,Profile/GameData/Player.jsc,src_jsc/Profile/GameData/Player.js.disasm.txt,2065,ok,5,172,4,
src_jsc,Profile/GameData/PushInfo.jsc,src_jsc/Profile/GameData/PushInfo.js.disasm.txt,820,ok,2,45,1,
src_jsc,Profile/GameData/SkillPieces.jsc,src_jsc/Profile/GameData/SkillPieces.js.disasm.txt,2303,ok,4,178,3,
src_jsc,Profile/GameData/Skills.jsc,src_jsc/Profile/GameData/Skills.js.disasm.txt,9377,ok,18,1028,17,
src_jsc,Profile/GameData/Team.jsc,src_jsc/Profile/GameData/Team.js.disasm.txt,14245,ok,27,1511,26,
src_jsc,Profile/GameData/ToastInfo.jsc,src_jsc/Profile/GameData/ToastInfo.js.disasm.txt,1921,ok,5,165,4,
src_jsc,Profile/GameData/Union.jsc,src_jsc/Profile/GameData/Union.js.disasm.txt,1568,ok,4,133,3,
src_jsc,Profile/GameData/UnionWar.jsc,src_jsc/Profile/GameData/UnionWar.js.disasm.txt,1607,ok,4,133,3,
src_jsc,Profile/GameData/common.jsc,src_jsc/Profile/GameData/common.js.disasm.txt,23903,ok,16,2470,15,
src_jsc,Profile/GameData/headers.jsc,src_jsc/Profile/GameData/headers.js.disasm.txt,2742,ok,1,89,0,
src_jsc,Profile/Permission.jsc,src_jsc/Profile/Permission.js.disasm.txt,9892,ok,14,869,13,
src_jsc,Profile/UserCfg.jsc,src_jsc/Profile/UserCfg.js.disasm.txt,15600,ok,43,1352,42,
src_jsc,Profile/alias.jsc,src_jsc/Profile/alias.js.disasm.txt,346,ok,1,13,0,
src_jsc,Profile/headers.jsc,src_jsc/Profile/headers.js.disasm.txt,595,ok,1,31,0,
src_jsc,Prototype/Array.jsc,src_jsc/Prototype/Array.js.disasm.txt,1740,ok,6,237,5,
src_jsc,Prototype/CCNode.jsc,src_jsc/Prototype/CCNode.js.disasm.txt,189,ok,1,1,0,
src_jsc,Prototype/Class.jsc,src_jsc/Prototype/Class.js.disasm.txt,188,ok,1,1,0,
src_jsc,Prototype/Function.jsc,src_jsc/Prototype/Function.js.disasm.txt,191,ok,1,1,0,
src_jsc,Prototype/Node.jsc,src_jsc/Prototype/Node.js.disasm.txt,5498,ok,11,708,10,
src_jsc,Prototype/Number.jsc,src_jsc/Prototype/Number.js.disasm.txt,440,ok,2,29,1,
src_jsc,Prototype/Object.jsc,src_jsc/Prototype/Object.js.disasm.txt,4390,ok,12,560,11,
src_jsc,Prototype/String.jsc,src_jsc/Prototype/String.js.disasm.txt,1773,ok,5,223,4,
src_jsc,Prototype/headers.jsc,src_jsc/Prototype/headers.js.disasm.txt,695,ok,1,35,0,
src_jsc,Scene/Achievement/AchievementScene.jsc,src_jsc/Scene/Achievement/AchievementScene.js.disasm.txt,23334,ok,23,2498,22,
src_jsc,Scene/Aga/AgaScene.jsc,src_jsc/Scene/Aga/AgaScene.js.disasm.txt,61935,ok,67,5536,66,
src_jsc,Scene/Awake/AwakeBoxScene.jsc,src_jsc/Scene/Awake/AwakeBoxScene.js.disasm.txt,5406,ok,8,578,7,
src_jsc,Scene/Awake/AwakeBoxView.jsc,src_jsc/Scene/Awake/AwakeBoxView.js.disasm.txt,41744,ok,45,5729,44,
src_jsc,Scene/Awake/AwakeScene.jsc,src_jsc/Scene/Awake/AwakeScene.js.disasm.txt,3352,ok,4,382,3,
src_jsc,Scene/Bag/BagScene.jsc,src_jsc/Scene/Bag/BagScene.js.disasm.txt,44557,ok,76,4374,75,
src_jsc,Scene/Beauty/BeautyCell.jsc,src_jsc/Scene/Beauty/BeautyCell.js.disasm.txt,5026,ok,10,587,9,
src_jsc,Scene/Beauty/BeautyScene.jsc,src_jsc/Scene/Beauty/BeautyScene.js.disasm.txt,57404,ok,66,5345,65,
src_jsc,Scene/Buddy/BuddyScene.jsc,src_jsc/Scene/Buddy/BuddyScene.js.disasm.txt,5377,ok,9,623,8,
src_jsc,Scene/Buddy/BuddyView.jsc,src_jsc/Scene/Buddy/BuddyView.js.disasm.txt,17765,ok,24,1966,23,
src_jsc,Scene/Chaos/ChaosFight.jsc,src_jsc/Scene/Chaos/ChaosFight.js.disasm.txt,10477,ok,14,1134,13,
src_jsc,Scene/Chaos/ChaosFightScene.jsc,src_jsc/Scene/Chaos/ChaosFightScene.js.disasm.txt,2850,ok,4,306,3,
src_jsc,Scene/Chaos/ChaosHomeView.jsc,src_jsc/Scene/Chaos/ChaosHomeView.js.disasm.txt,17772,ok,22,1981,21,
src_jsc,Scene/Chaos/ChaosScene.jsc,src_jsc/Scene/Chaos/ChaosScene.js.disasm.txt,6713,ok,9,739,8,
src_jsc,Scene/Climb/ClimbLadderRankListScene.jsc,src_jsc/Scene/Climb/ClimbLadderRankListScene.js.disasm.txt,10012,ok,11,1223,10,
src_jsc,Scene/Climb/ClimbLadderScene.jsc,src_jsc/Scene/Climb/ClimbLadderScene.js.disasm.txt,6734,ok,15,600,14,
src_jsc,Scene/Climb/StartBattleScene.jsc,src_jsc/Scene/Climb/StartBattleScene.js.disasm.txt,54175,ok,69,6813,68,
src_jsc,Scene/Combat/CombatCardView.jsc,src_jsc/Scene/Combat/CombatCardView.js.disasm.txt,14081,ok,19,2014,18,
src_jsc,Scene/Combat/CombatScene.jsc,src_jsc/Scene/Combat/CombatScene.js.disasm.txt,2832,ok,4,334,3,
src_jsc,Scene/Combat/CombatUpgradeScene.jsc,src_jsc/Scene/Combat/CombatUpgradeScene.js.disasm.txt,27141,ok,30,3333,29,
src_jsc,Scene/Copy/BossCell.jsc,src_jsc/Scene/Copy/BossCell.js.disasm.txt,3219,ok,8,333,7,
src_jsc,Scene/Copy/CopyScene.jsc,src_jsc/Scene/Copy/CopyScene.js.disasm.txt,31483,ok,44,3714,43,
src_jsc,Scene/Copy/DuanWuCopyScene.jsc,src_jsc/Scene/Copy/DuanWuCopyScene.js.disasm.txt,31527,ok,44,3714,43,
src_jsc,Scene/Copy/LabourlCopyScene.jsc,src_jsc/Scene/Copy/LabourlCopyScene.js.disasm.txt,31544,ok,44,3714,43,
src_jsc,Scene/Copy/MemorialCopyScene.jsc,src_jsc/Scene/Copy/MemorialCopyScene.js.disasm.txt,31557,ok,44,3714,43,
src_jsc,Scene/Copy/PlantCopyScene.jsc,src_jsc/Scene/Copy/PlantCopyScene.js.disasm.txt,31505,ok,44,3705,43,
src_jsc,Scene/Copy/PublicCopyScene.jsc,src_jsc/Scene/Copy/PublicCopyScene.js.disasm.txt,32996,ok,45,3971,44,
src_jsc,Scene/Debug/DebugScene.jsc,src_jsc/Scene/Debug/DebugScene.js.disasm.txt,18068,ok,27,2246,26,
src_jsc,Scene/DecisiveBattle/DecisiveBattleMainScene.jsc,src_jsc/Scene/DecisiveBattle/DecisiveBattleMainScene.js.disasm.txt,3544,ok,6,354,5,
src_jsc,Scene/DecisiveBattle/DecisiveBattlePreviewScene.jsc,src_jsc/Scene/DecisiveBattle/DecisiveBattlePreviewScene.js.disasm.txt,2387,ok,6,192,5,
src_jsc,Scene/DecisiveBattle/SupportAwardScene.jsc,src_jsc/Scene/DecisiveBattle/SupportAwardScene.js.disasm.txt,3873,ok,6,401,5,
src_jsc,Scene/Develop/AlchemyView.jsc,src_jsc/Scene/Develop/AlchemyView.js.disasm.txt,27252,ok,32,3704,31,
src_jsc,Scene/Develop/DevelopScene.jsc,src_jsc/Scene/Develop/DevelopScene.js.disasm.txt,4025,ok,8,409,7,
src_jsc,Scene/Equ/EquipmentScene.jsc,src_jsc/Scene/Equ/EquipmentScene.js.disasm.txt,20346,ok,30,2504,29,
src_jsc,Scene/Fight/FightScene.jsc,src_jsc/Scene/Fight/FightScene.js.disasm.txt,121288,ok,131,4638,130,
src_jsc,Scene/Fight/SkillNameEx.jsc,src_jsc/Scene/Fight/SkillNameEx.js.disasm.txt,769,ok,1,41,0,
src_jsc,Scene/Fight/headers.jsc,src_jsc/Scene/Fight/headers.js.disasm.txt,476,ok,1,27,0,
src_jsc,Scene/FightChapter/DungeonView.jsc,src_jsc/Scene/FightChapter/DungeonView.js.disasm.txt,9788,ok,17,1100,16,
src_jsc,Scene/FightChapter/FightChapters.jsc,src_jsc/Scene/FightChapter/FightChapters.js.disasm.txt,19755,ok,27,2509,26,
src_jsc,Scene/Gems/GemsScene.jsc,src_jsc/Scene/Gems/GemsScene.js.disasm.txt,4608,ok,8,517,7,
src_jsc,Scene/GeneralSelect/GeneralSelectScene.jsc,src_jsc/Scene/GeneralSelect/GeneralSelectScene.js.disasm.txt,18260,ok,23,2143,22,
src_jsc,Scene/Goddess/GoddessMainScene.jsc,src_jsc/Scene/Goddess/GoddessMainScene.js.disasm.txt,3501,ok,6,353,5,
src_jsc,Scene/HulaoBattle/HulaoBattleMainScene.jsc,src_jsc/Scene/HulaoBattle/HulaoBattleMainScene.js.disasm.txt,3770,ok,6,392,5,
src_jsc,Scene/InterService/InterServiceFightScene.jsc,src_jsc/Scene/InterService/InterServiceFightScene.js.disasm.txt,3745,ok,7,355,6,
src_jsc,Scene/InterService/InterServiceRegistrationScene.jsc,src_jsc/Scene/InterService/InterServiceRegistrationScene.js.disasm.txt,3876,ok,6,369,5,
src_jsc,Scene/InterService/InterServiceWorshipScene.jsc,src_jsc/Scene/InterService/InterServiceWorshipScene.js.disasm.txt,4705,ok,8,476,7,
src_jsc,Scene/InterService/PopularityRewardScene.jsc,src_jsc/Scene/InterService/PopularityRewardScene.js.disasm.txt,3871,ok,8,354,7,
src_jsc,Scene/Ladder/LadderCardShow.jsc,src_jsc/Scene/Ladder/LadderCardShow.js.disasm.txt,21800,ok,22,2959,21,
src_jsc,Scene/Ladder/LadderChartScene.jsc,src_jsc/Scene/Ladder/LadderChartScene.js.disasm.txt,2600,ok,4,247,3,
src_jsc,Scene/Ladder/LadderChartView.jsc,src_jsc/Scene/Ladder/LadderChartView.js.disasm.txt,3246,ok,4,369,3,
src_jsc,Scene/Ladder/LadderGiftView.jsc,src_jsc/Scene/Ladder/LadderGiftView.js.disasm.txt,17726,ok,30,1778,29,
src_jsc,Scene/Ladder/LadderGiftView_Honor.jsc,src_jsc/Scene/Ladder/LadderGiftView_Honor.js.disasm.txt,20627,ok,32,2158,31,
src_jsc,Scene/Ladder/LadderScene.jsc,src_jsc/Scene/Ladder/LadderScene.js.disasm.txt,5747,ok,8,571,7,
src_jsc,Scene/Ladder/LadderTenFightResultDialog.jsc,src_jsc/Scene/Ladder/LadderTenFightResultDialog.js.disasm.txt,11680,ok,21,1255,20,
src_jsc,Scene/Ladder/LadderView.jsc,src_jsc/Scene/Ladder/LadderView.js.disasm.txt,13526,ok,19,1503,18,
src_jsc,Scene/Ladder/headers.jsc,src_jsc/Scene/Ladder/headers.js.disasm.txt,193,ok,1,1,0,
src_jsc,Scene/LoadingScene.jsc,src_jsc/Scene/LoadingScene.js.disasm.txt,3084,ok,6,337,5,
src_jsc,Scene/Login/LoginScene_AnySdk.jsc,src_jsc/Scene/Login/LoginScene_AnySdk.js.disasm.txt,40647,ok,50,4517,49,
src_jsc,Scene/Login/LoginScene_BfSdk.jsc,src_jsc/Scene/Login/LoginScene_BfSdk.js.disasm.txt,47155,ok,57,5255,56,
src_jsc,Scene/Login/LoginScene_EasyGuestSdk.jsc,src_jsc/Scene/Login/LoginScene_EasyGuestSdk.js.disasm.txt,25022,ok,26,2674,25,
src_jsc,Scene/Login/LoginScene_EasySdk.jsc,src_jsc/Scene/Login/LoginScene_EasySdk.js.disasm.txt,20085,ok,26,2070,25,
src_jsc,Scene/Login/LoginScene_ThirdGuestSdk.jsc,src_jsc/Scene/Login/LoginScene_ThirdGuestSdk.js.disasm.txt,29733,ok,31,2926,30,
src_jsc,Scene/Login/LoginScene_ThirdSdk.jsc,src_jsc/Scene/Login/LoginScene_ThirdSdk.js.disasm.txt,25067,ok,28,2578,27,
src_jsc,Scene/Login/headers.jsc,src_jsc/Scene/Login/headers.js.disasm.txt,6443,ok,3,880,2,
src_jsc,Scene/Mail/MailSystemScene.jsc,src_jsc/Scene/Mail/MailSystemScene.js.disasm.txt,7152,ok,10,804,9,
src_jsc,Scene/Mail/MailView.jsc,src_jsc/Scene/Mail/MailView.js.disasm.txt,6593,ok,11,667,10,
src_jsc,Scene/Mail/headers.jsc,src_jsc/Scene/Mail/headers.js.disasm.txt,398,ok,1,16,0,
src_jsc,Scene/Main/MainMenuScene.jsc,src_jsc/Scene/Main/MainMenuScene.js.disasm.txt,41447,ok,51,3433,50,
src_jsc,Scene/Meridians/MeridiansMainScene.jsc,src_jsc/Scene/Meridians/MeridiansMainScene.js.disasm.txt,3178,ok,6,316,5,
src_jsc,Scene/Meridians/PracticeMeridiansMainScene.jsc,src_jsc/Scene/Meridians/PracticeMeridiansMainScene.js.disasm.txt,3687,ok,6,348,5,
src_jsc,Scene/MiracleWeapons/MiracleWeaponScene.jsc,src_jsc/Scene/MiracleWeapons/MiracleWeaponScene.js.disasm.txt,3040,ok,6,308,5,
src_jsc,Scene/MiracleWeapons/SelectMiracleWeaponsScene.jsc,src_jsc/Scene/MiracleWeapons/SelectMiracleWeaponsScene.js.disasm.txt,3508,ok,7,342,6,
src_jsc,Scene/NewPlayer/NewPlayerScene.jsc,src_jsc/Scene/NewPlayer/NewPlayerScene.js.disasm.txt,6537,ok,14,673,13,
src_jsc,Scene/Party/Double11Dialog.jsc,src_jsc/Scene/Party/Double11Dialog.js.disasm.txt,18545,ok,19,2351,18,
src_jsc,Scene/Party/LadderCompetitionDialog.jsc,src_jsc/Scene/Party/LadderCompetitionDialog.js.disasm.txt,10969,ok,13,1368,12,
src_jsc,Scene/Party/MonthLegendDialog.jsc,src_jsc/Scene/Party/MonthLegendDialog.js.disasm.txt,7203,ok,12,698,11,
src_jsc,Scene/Party/PartyDialog.jsc,src_jsc/Scene/Party/PartyDialog.js.disasm.txt,76879,ok,92,4699,91,
src_jsc,Scene/Party/PartyDialogExt.jsc,src_jsc/Scene/Party/PartyDialogExt.js.disasm.txt,81897,ok,91,5043,90,
src_jsc,Scene/Party/PictureActivityDialog.jsc,src_jsc/Scene/Party/PictureActivityDialog.js.disasm.txt,7382,ok,9,904,8,
src_jsc,Scene/Party/RechargeAwardDialog.jsc,src_jsc/Scene/Party/RechargeAwardDialog.js.disasm.txt,4843,ok,8,504,7,
src_jsc,Scene/Party/RechargeRankDialog.jsc,src_jsc/Scene/Party/RechargeRankDialog.js.disasm.txt,18098,ok,28,2088,27,
src_jsc,Scene/Party/WishingScene.jsc,src_jsc/Scene/Party/WishingScene.js.disasm.txt,28961,ok,42,3414,41,
src_jsc,Scene/Party/headers.jsc,src_jsc/Scene/Party/headers.js.disasm.txt,978,ok,1,39,0,
src_jsc,Scene/Rank/RankScene.jsc,src_jsc/Scene/Rank/RankScene.js.disasm.txt,8256,ok,12,1219,11,
src_jsc,Scene/SceneMgr.jsc,src_jsc/Scene/SceneMgr.js.disasm.txt,19914,ok,41,2140,40,
src_jsc,Scene/Setting/ContactGMScene.jsc,src_jsc/Scene/Setting/ContactGMScene.js.disasm.txt,8969,ok,18,939,17,
src_jsc,Scene/Setting/SettingScene.jsc,src_jsc/Scene/Setting/SettingScene.js.disasm.txt,27717,ok,28,2776,27,
src_jsc,Scene/Skill/SkillScene.jsc,src_jsc/Scene/Skill/SkillScene.js.disasm.txt,12040,ok,19,1476,18,
src_jsc,Scene/SkillRefining/SkillRefiningScene.jsc,src_jsc/Scene/SkillRefining/SkillRefiningScene.js.disasm.txt,3052,ok,6,308,5,
src_jsc,Scene/Social/SocialScene.jsc,src_jsc/Scene/Social/SocialScene.js.disasm.txt,3024,ok,4,354,3,
src_jsc,Scene/Social/SocialView.jsc,src_jsc/Scene/Social/SocialView.js.disasm.txt,13531,ok,12,1637,11,
src_jsc,Scene/Social/headers.jsc,src_jsc/Scene/Social/headers.js.disasm.txt,482,ok,1,27,0,
src_jsc,Scene/Store/StoreScene.jsc,src_jsc/Scene/Store/StoreScene.js.disasm.txt,15224,ok,21,1735,20,
src_jsc,Scene/Store/ToastView.jsc,src_jsc/Scene/Store/ToastView.js.disasm.txt,37687,ok,55,4552,54,
src_jsc,Scene/SubMenu/ChallengeMenuScene.jsc,src_jsc/Scene/SubMenu/ChallengeMenuScene.js.disasm.txt,17108,ok,26,1904,25,
src_jsc,Scene/SubMenu/GeneralMenuScene.jsc,src_jsc/Scene/SubMenu/GeneralMenuScene.js.disasm.txt,25362,ok,34,3044,33,
src_jsc,Scene/SubMenu/MenuMenuScene.jsc,src_jsc/Scene/SubMenu/MenuMenuScene.js.disasm.txt,12790,ok,25,1245,24,
src_jsc,Scene/SubMenu/PartyMenuScene.jsc,src_jsc/Scene/SubMenu/PartyMenuScene.js.disasm.txt,44304,ok,37,4879,36,
src_jsc,Scene/SubMenu/headers.jsc,src_jsc/Scene/SubMenu/headers.js.disasm.txt,667,ok,1,31,0,
src_jsc,Scene/TeamBuild/TeamBuildScene.jsc,src_jsc/Scene/TeamBuild/TeamBuildScene.js.disasm.txt,66503,ok,79,5128,78,
src_jsc,Scene/TeamBuild/TeamBuildScene_V2.jsc,src_jsc/Scene/TeamBuild/TeamBuildScene_V2.js.disasm.txt,51774,ok,58,4721,57,
src_jsc,Scene/TeamBuild/TeamMemberNavigation.jsc,src_jsc/Scene/TeamBuild/TeamMemberNavigation.js.disasm.txt,37770,ok,62,4431,61,
src_jsc,Scene/TeamBuild/headers.jsc,src_jsc/Scene/TeamBuild/headers.js.disasm.txt,680,ok,1,37,0,
src_jsc,Scene/Training/GeneralTraningScene.jsc,src_jsc/Scene/Training/GeneralTraningScene.js.disasm.txt,39663,ok,61,4202,60,
src_jsc,Scene/UnionWar/UnionWarBattleScene.jsc,src_jsc/Scene/UnionWar/UnionWarBattleScene.js.disasm.txt,11621,ok,13,1289,12,
src_jsc,Scene/UnionWar/UnionWarChangeFormationScene.jsc,src_jsc/Scene/UnionWar/UnionWarChangeFormationScene.js.disasm.txt,15167,ok,24,1607,23,
src_jsc,Scene/UnionWar/UnionWarFightScene.jsc,src_jsc/Scene/UnionWar/UnionWarFightScene.js.disasm.txt,15355,ok,24,1681,23,
src_jsc,Scene/Vip/VipScene.jsc,src_jsc/Scene/Vip/VipScene.js.disasm.txt,7310,ok,16,728,15,
src_jsc,Scene/Worship/WorshipScene.jsc,src_jsc/Scene/Worship/WorshipScene.js.disasm.txt,17596,ok,27,1944,26,
src_jsc,Scene/alias.jsc,src_jsc/Scene/alias.js.disasm.txt,184,ok,1,1,0,
src_jsc,Scene/headers.jsc,src_jsc/Scene/headers.js.disasm.txt,10729,ok,1,882,0,
src_jsc,Skill/Impl.jsc,src_jsc/Skill/Impl.js.disasm.txt,1376,ok,4,121,3,
src_jsc,Skill/Part.jsc,src_jsc/Skill/Part.js.disasm.txt,23482,ok,1,2047,0,
src_jsc,Skill/PartAttack.jsc,src_jsc/Skill/PartAttack.js.disasm.txt,8443,ok,1,1028,0,
src_jsc,Skill/PartBuff.jsc,src_jsc/Skill/PartBuff.js.disasm.txt,8359,ok,1,927,0,
src_jsc,Skill/PartEffect.jsc,src_jsc/Skill/PartEffect.js.disasm.txt,63126,ok,1,1981,0,
src_jsc,Skill/PartEffectGhost.jsc,src_jsc/Skill/PartEffectGhost.js.disasm.txt,4187,ok,1,450,0,
src_jsc,Skill/PartHurt.jsc,src_jsc/Skill/PartHurt.js.disasm.txt,12425,ok,1,1634,0,
src_jsc,Skill/PartOpen.jsc,src_jsc/Skill/PartOpen.js.disasm.txt,7999,ok,1,1269,0,
src_jsc,Skill/PartStatus.jsc,src_jsc/Skill/PartStatus.js.disasm.txt,14753,ok,1,1176,0,
src_jsc,Skill/Skill.jsc,src_jsc/Skill/Skill.js.disasm.txt,15656,ok,1,1748,0,
src_jsc,Skill/SkillAbsorb.jsc,src_jsc/Skill/SkillAbsorb.js.disasm.txt,1800,ok,1,149,0,
src_jsc,Skill/SkillAttack.jsc,src_jsc/Skill/SkillAttack.js.disasm.txt,6415,ok,1,567,0,
src_jsc,Skill/SkillBuff.jsc,src_jsc/Skill/SkillBuff.js.disasm.txt,4566,ok,1,443,0,
src_jsc,Skill/SkillGhost.jsc,src_jsc/Skill/SkillGhost.js.disasm.txt,2830,ok,1,288,0,
src_jsc,Skill/SkillGoddess.jsc,src_jsc/Skill/SkillGoddess.js.disasm.txt,785,ok,1,40,0,
src_jsc,Skill/SkillHitBack.jsc,src_jsc/Skill/SkillHitBack.js.disasm.txt,18713,ok,1,1864,0,
src_jsc,Skill/SkillOpen.jsc,src_jsc/Skill/SkillOpen.js.disasm.txt,705,ok,1,28,0,
src_jsc,Skill/SkillProximal.jsc,src_jsc/Skill/SkillProximal.js.disasm.txt,3770,ok,1,361,0,
src_jsc,Skill/SkillRemote.jsc,src_jsc/Skill/SkillRemote.js.disasm.txt,42191,ok,1,1608,0,
src_jsc,Skill/SkillStatus.jsc,src_jsc/Skill/SkillStatus.js.disasm.txt,9646,ok,1,744,0,
src_jsc,Skill/Template.jsc,src_jsc/Skill/Template.js.disasm.txt,6934,ok,1,755,0,
src_jsc,Skill/TemplateAttack.jsc,src_jsc/Skill/TemplateAttack.js.disasm.txt,4252,ok,1,368,0,
src_jsc,Skill/TemplateItem.jsc,src_jsc/Skill/TemplateItem.js.disasm.txt,10267,ok,1,1385,0,
src_jsc,Skill/TemplateItemAttack.jsc,src_jsc/Skill/TemplateItemAttack.js.disasm.txt,1245,ok,1,110,0,
src_jsc,Skill/TemplateItemHp.jsc,src_jsc/Skill/TemplateItemHp.js.disasm.txt,2771,ok,1,302,0,
src_jsc,Skill/TemplateItemStatus.jsc,src_jsc/Skill/TemplateItemStatus.js.disasm.txt,2743,ok,1,347,0,
src_jsc,Skill/TemplateItemText.jsc,src_jsc/Skill/TemplateItemText.js.disasm.txt,4052,ok,1,419,0,
src_jsc,Skill/TemplatePart.jsc,src_jsc/Skill/TemplatePart.js.disasm.txt,5014,ok,1,541,0,
src_jsc,Skill/TemplatePartBuff.jsc,src_jsc/Skill/TemplatePartBuff.js.disasm.txt,3878,ok,1,356,0,
src_jsc,Skill/TemplatePartHurt.jsc,src_jsc/Skill/TemplatePartHurt.js.disasm.txt,4047,ok,1,341,0,
src_jsc,Skill/TemplatePartStatus.jsc,src_jsc/Skill/TemplatePartStatus.js.disasm.txt,23013,ok,1,2511,0,
src_jsc,Skill/headers.jsc,src_jsc/Skill/headers.js.disasm.txt,2188,ok,1,104,0,
src_jsc,Tools/Audio.jsc,src_jsc/Tools/Audio.js.disasm.txt,2818,ok,7,209,6,
src_jsc,Tools/Card.jsc,src_jsc/Tools/Card.js.disasm.txt,21263,ok,14,2503,13,
src_jsc,Tools/CfgData.jsc,src_jsc/Tools/CfgData.js.disasm.txt,15365,ok,8,942,7,
src_jsc,Tools/CmdShell.jsc,src_jsc/Tools/CmdShell.js.disasm.txt,1628,ok,3,194,2,
src_jsc,Tools/Filter.jsc,src_jsc/Tools/Filter.js.disasm.txt,9097,ok,13,1015,12,
src_jsc,Tools/Jsb.jsc,src_jsc/Tools/Jsb.js.disasm.txt,17054,ok,43,1290,42,
src_jsc,Tools/Ml.jsc,src_jsc/Tools/Ml.js.disasm.txt,2058,ok,3,218,2,
src_jsc,Tools/Model.jsc,src_jsc/Tools/Model.js.disasm.txt,4886,ok,4,605,3,
src_jsc,Tools/Net.jsc,src_jsc/Tools/Net.js.disasm.txt,171639,ok,272,6471,271,
src_jsc,Tools/Party.jsc,src_jsc/Tools/Party.js.disasm.txt,4910,ok,14,412,13,
src_jsc,Tools/Scene.jsc,src_jsc/Tools/Scene.js.disasm.txt,20253,ok,31,1812,30,
src_jsc,Tools/Sort.jsc,src_jsc/Tools/Sort.js.disasm.txt,6517,ok,16,739,15,
src_jsc,Tools/Statistic.jsc,src_jsc/Tools/Statistic.js.disasm.txt,21339,ok,48,1635,47,
src_jsc,Tools/Story.jsc,src_jsc/Tools/Story.js.disasm.txt,847,ok,2,47,1,
src_jsc,Tools/String.jsc,src_jsc/Tools/String.js.disasm.txt,4947,ok,8,596,7,
src_jsc,Tools/Sys.jsc,src_jsc/Tools/Sys.js.disasm.txt,8319,ok,14,649,13,
src_jsc,Tools/TalkingDataAppCpa.jsc,src_jsc/Tools/TalkingDataAppCpa.js.disasm.txt,2263,ok,5,191,4,
src_jsc,Tools/TimeTest.jsc,src_jsc/Tools/TimeTest.js.disasm.txt,1438,ok,4,125,3,
src_jsc,Tools/UI.jsc,src_jsc/Tools/UI.js.disasm.txt,24387,ok,31,2522,30,
src_jsc,Tools/Views.jsc,src_jsc/Tools/Views.js.disasm.txt,1003,ok,3,70,2,
src_jsc,Tools/alias.jsc,src_jsc/Tools/alias.js.disasm.txt,268,ok,1,8,0,
src_jsc,Tools/headers.jsc,src_jsc/Tools/headers.js.disasm.txt,1248,ok,1,63,0,
src_jsc,Update/UpdateScene.jsc,src_jsc/Update/UpdateScene.js.disasm.txt,40095,ok,42,3559,41,
src_jsc,Update/headers.jsc,src_jsc/Update/headers.js.disasm.txt,317,ok,1,14,0,
src_jsc,Utils/Action.jsc,src_jsc/Utils/Action.js.disasm.txt,2892,ok,8,298,7,
src_jsc,Utils/Base64.jsc,src_jsc/Utils/Base64.js.disasm.txt,7813,ok,11,1544,10,
src_jsc,Utils/Ccb.jsc,src_jsc/Utils/Ccb.js.disasm.txt,262,ok,1,12,0,
src_jsc,Utils/CfgReader.jsc,src_jsc/Utils/CfgReader.js.disasm.txt,484,ok,2,26,1,
src_jsc,Utils/FileSys.jsc,src_jsc/Utils/FileSys.js.disasm.txt,1887,ok,6,126,5,
src_jsc,Utils/LocalStore.jsc,src_jsc/Utils/LocalStore.js.disasm.txt,807,ok,3,42,2,
src_jsc,Utils/Math.jsc,src_jsc/Utils/Math.js.disasm.txt,1176,ok,6,66,5,
src_jsc,Utils/Md5.jsc,src_jsc/Utils/Md5.js.disasm.txt,10004,ok,15,2484,14,
src_jsc,Utils/Net.jsc,src_jsc/Utils/Net.js.disasm.txt,1632,ok,3,168,2,
src_jsc,Utils/Node.jsc,src_jsc/Utils/Node.js.disasm.txt,26111,ok,39,3537,38,
src_jsc,Utils/Notify.jsc,src_jsc/Utils/Notify.js.disasm.txt,633,ok,2,42,1,
src_jsc,Utils/Rc4.jsc,src_jsc/Utils/Rc4.js.disasm.txt,1235,ok,3,210,2,
src_jsc,Utils/Statistic.jsc,src_jsc/Utils/Statistic.js.disasm.txt,6808,ok,17,644,16,
src_jsc,Utils/Sys.jsc,src_jsc/Utils/Sys.js.disasm.txt,874,ok,5,40,4,
src_jsc,Utils/UI.jsc,src_jsc/Utils/UI.js.disasm.txt,5738,ok,3,870,2,
src_jsc,Utils/alias.jsc,src_jsc/Utils/alias.js.disasm.txt,1420,ok,2,142,1,
src_jsc,Utils/buckets.jsc,src_jsc/Utils/buckets.js.disasm.txt,48553,ok,167,2197,166,
src_jsc,Utils/common.jsc,src_jsc/Utils/common.js.disasm.txt,18324,ok,37,2101,36,
src_jsc,Utils/headers.jsc,src_jsc/Utils/headers.js.disasm.txt,1512,ok,2,109,1,
src_jsc,Views/ActivitiesShow.jsc,src_jsc/Views/ActivitiesShow.js.disasm.txt,4270,ok,11,394,10,
src_jsc,Views/ActivitiesShow6Icon.jsc,src_jsc/Views/ActivitiesShow6Icon.js.disasm.txt,26507,ok,35,2536,34,
src_jsc,Views/Armature/AutoAudioArmature.jsc,src_jsc/Views/Armature/AutoAudioArmature.js.disasm.txt,2781,ok,4,247,3,
src_jsc,Views/Armature/headers.jsc,src_jsc/Views/Armature/headers.js.disasm.txt,437,ok,1,25,0,
src_jsc,Views/Awake/AwakeLayer.jsc,src_jsc/Views/Awake/AwakeLayer.js.disasm.txt,21610,ok,23,2711,22,
src_jsc,Views/Awake/headers.jsc,src_jsc/Views/Awake/headers.js.disasm.txt,408,ok,1,25,0,
src_jsc,Views/BaseView.jsc,src_jsc/Views/BaseView.js.disasm.txt,4863,ok,12,466,11,
src_jsc,Views/BeautyIconButton.jsc,src_jsc/Views/BeautyIconButton.js.disasm.txt,9578,ok,22,1080,21,
src_jsc,Views/Button/ChangeNumBtn.jsc,src_jsc/Views/Button/ChangeNumBtn.js.disasm.txt,1401,ok,2,162,1,
src_jsc,Views/Button/Factory.jsc,src_jsc/Views/Button/Factory.js.disasm.txt,3784,ok,10,307,9,
src_jsc,Views/Button/alias.jsc,src_jsc/Views/Button/alias.js.disasm.txt,317,ok,1,10,0,
src_jsc,Views/Button/headers.jsc,src_jsc/Views/Button/headers.js.disasm.txt,538,ok,1,29,0,
src_jsc,Views/Card/Equ.jsc,src_jsc/Views/Card/Equ.js.disasm.txt,16610,ok,17,2199,16,
src_jsc,Views/Card/Fight.jsc,src_jsc/Views/Card/Fight.js.disasm.txt,38161,ok,62,2683,61,
src_jsc,Views/Card/General.jsc,src_jsc/Views/Card/General.js.disasm.txt,14900,ok,18,1884,17,
src_jsc,Views/Card/OtherPlayer.jsc,src_jsc/Views/Card/OtherPlayer.js.disasm.txt,14001,ok,17,1750,16,
src_jsc,Views/Card/headers.jsc,src_jsc/Views/Card/headers.js.disasm.txt,564,ok,1,31,0,
src_jsc,Views/CardListView.jsc,src_jsc/Views/CardListView.js.disasm.txt,13519,ok,13,1969,12,
src_jsc,Views/CardListView_v2.jsc,src_jsc/Views/CardListView_v2.js.disasm.txt,15882,ok,22,2099,21,
src_jsc,Views/CardNavigateView.jsc,src_jsc/Views/CardNavigateView.js.disasm.txt,5941,ok,7,723,6,
src_jsc,Views/ChangeName.jsc,src_jsc/Views/ChangeName.js.disasm.txt,5232,ok,11,497,10,
src_jsc,Views/ChatContentLayer.jsc,src_jsc/Views/ChatContentLayer.js.disasm.txt,15442,ok,22,1993,21,
src_jsc,Views/ChatTablePageView.jsc,src_jsc/Views/ChatTablePageView.js.disasm.txt,2926,ok,5,322,4,
src_jsc,Views/ClimbLadderArtifactStorey.jsc,src_jsc/Views/ClimbLadderArtifactStorey.js.disasm.txt,17310,ok,29,1954,28,
src_jsc,Views/ClimbLadderPFKGView.jsc,src_jsc/Views/ClimbLadderPFKGView.js.disasm.txt,32605,ok,55,3480,54,
src_jsc,Views/DecisiveBattle/DecisiveBattleMainView.jsc,src_jsc/Views/DecisiveBattle/DecisiveBattleMainView.js.disasm.txt,21566,ok,27,2778,26,
src_jsc,Views/DecisiveBattle/DecisiveBattlePreviewView.jsc,src_jsc/Views/DecisiveBattle/DecisiveBattlePreviewView.js.disasm.txt,23407,ok,30,3159,29,
src_jsc,Views/DecisiveBattle/OneRoundPlayerListDialog.jsc,src_jsc/Views/DecisiveBattle/OneRoundPlayerListDialog.js.disasm.txt,15542,ok,25,1797,24,
src_jsc,Views/DecisiveBattle/OutPlayersDialog.jsc,src_jsc/Views/DecisiveBattle/OutPlayersDialog.js.disasm.txt,9984,ok,21,1006,20,
src_jsc,Views/DecisiveBattle/SupportPointsExchangeView.jsc,src_jsc/Views/DecisiveBattle/SupportPointsExchangeView.js.disasm.txt,15813,ok,27,1564,26,
src_jsc,Views/DecisiveBattle/SupportRankingDialog.jsc,src_jsc/Views/DecisiveBattle/SupportRankingDialog.js.disasm.txt,11042,ok,21,1177,20,
src_jsc,Views/DecisiveBattle/SupportRecordView.jsc,src_jsc/Views/DecisiveBattle/SupportRecordView.js.disasm.txt,12386,ok,21,1454,20,
src_jsc,Views/DecisiveBattle/headers.jsc,src_jsc/Views/DecisiveBattle/headers.js.disasm.txt,1109,ok,1,37,0,
src_jsc,Views/Dialog/AchieveDialog.jsc,src_jsc/Views/Dialog/AchieveDialog.js.disasm.txt,6740,ok,6,781,5,
src_jsc,Views/Dialog/Achievement.jsc,src_jsc/Views/Dialog/Achievement.js.disasm.txt,197,ok,1,1,0,
src_jsc,Views/Dialog/Adventure.jsc,src_jsc/Views/Dialog/Adventure.js.disasm.txt,25950,ok,49,2648,48,
src_jsc,Views/Dialog/AdventureDropDialog.jsc,src_jsc/Views/Dialog/AdventureDropDialog.js.disasm.txt,10972,ok,22,1084,21,
src_jsc,Views/Dialog/AdvertisementDialog.jsc,src_jsc/Views/Dialog/AdvertisementDialog.js.disasm.txt,13176,ok,16,1604,15,
src_jsc,Views/Dialog/AdvertisementDialogGuide.jsc,src_jsc/Views/Dialog/AdvertisementDialogGuide.js.disasm.txt,4780,ok,6,486,5,
src_jsc,Views/Dialog/AgaSurrenderDialog.jsc,src_jsc/Views/Dialog/AgaSurrenderDialog.js.disasm.txt,15308,ok,17,1913,16,
src_jsc,Views/Dialog/AnnouncementDialog.jsc,src_jsc/Views/Dialog/AnnouncementDialog.js.disasm.txt,49246,ok,24,2016,23,
src_jsc,Views/Dialog/AnnouncementExt.jsc,src_jsc/Views/Dialog/AnnouncementExt.js.disasm.txt,4101,ok,7,416,6,
src_jsc,Views/Dialog/AutoMultiKillSelectDialog.jsc,src_jsc/Views/Dialog/AutoMultiKillSelectDialog.js.disasm.txt,20801,ok,19,2577,18,
src_jsc,Views/Dialog/AutoPracticeDialog.jsc,src_jsc/Views/Dialog/AutoPracticeDialog.js.disasm.txt,18391,ok,21,2448,20,
src_jsc,Views/Dialog/AutoPracticeResultDialog.jsc,src_jsc/Views/Dialog/AutoPracticeResultDialog.js.disasm.txt,10336,ok,11,1115,10,
src_jsc,Views/Dialog/AvoidWarDialog.jsc,src_jsc/Views/Dialog/AvoidWarDialog.js.disasm.txt,4319,ok,10,407,9,
src_jsc,Views/Dialog/AwakeChangeYuanFenDialog.jsc,src_jsc/Views/Dialog/AwakeChangeYuanFenDialog.js.disasm.txt,17384,ok,27,2155,26,
src_jsc,Views/Dialog/AwakeConfirmDialog.jsc,src_jsc/Views/Dialog/AwakeConfirmDialog.js.disasm.txt,8680,ok,12,903,11,
src_jsc,Views/Dialog/AwakeInfoDialog.jsc,src_jsc/Views/Dialog/AwakeInfoDialog.js.disasm.txt,14750,ok,22,1950,21,
src_jsc,Views/Dialog/BeautyShopDialog.jsc,src_jsc/Views/Dialog/BeautyShopDialog.js.disasm.txt,19867,ok,30,2148,29,
src_jsc,Views/Dialog/BeautyTipsDialog.jsc,src_jsc/Views/Dialog/BeautyTipsDialog.js.disasm.txt,6919,ok,7,924,6,
src_jsc,Views/Dialog/BecomeStrongerDialog.jsc,src_jsc/Views/Dialog/BecomeStrongerDialog.js.disasm.txt,33007,ok,63,3423,62,
src_jsc,Views/Dialog/BindingDialog.jsc,src_jsc/Views/Dialog/BindingDialog.js.disasm.txt,16743,ok,18,2325,17,
src_jsc,Views/Dialog/BindingTelDialog.jsc,src_jsc/Views/Dialog/BindingTelDialog.js.disasm.txt,7562,ok,9,1028,8,
src_jsc,Views/Dialog/BreachResult.jsc,src_jsc/Views/Dialog/BreachResult.js.disasm.txt,13508,ok,7,2018,6,
src_jsc,Views/Dialog/BuddyInfoDialog.jsc,src_jsc/Views/Dialog/BuddyInfoDialog.js.disasm.txt,2145,ok,6,169,5,
src_jsc,Views/Dialog/ChargeDialog.jsc,src_jsc/Views/Dialog/ChargeDialog.js.disasm.txt,10456,ok,13,1275,12,
src_jsc,Views/Dialog/ChargePrivilegeDialog.jsc,src_jsc/Views/Dialog/ChargePrivilegeDialog.js.disasm.txt,8319,ok,12,960,11,
src_jsc,Views/Dialog/ChatDialog.jsc,src_jsc/Views/Dialog/ChatDialog.js.disasm.txt,6873,ok,12,694,11,
src_jsc,Views/Dialog/CheckOrderDialog.jsc,src_jsc/Views/Dialog/CheckOrderDialog.js.disasm.txt,10951,ok,17,1071,16,
src_jsc,Views/Dialog/ClimbLaddersFailDialog.jsc,src_jsc/Views/Dialog/ClimbLaddersFailDialog.js.disasm.txt,3877,ok,5,400,4,
src_jsc,Views/Dialog/CommonDialog.jsc,src_jsc/Views/Dialog/CommonDialog.js.disasm.txt,24101,ok,44,2457,43,
src_jsc,Views/Dialog/DailyTaskDialog.jsc,src_jsc/Views/Dialog/DailyTaskDialog.js.disasm.txt,7397,ok,13,724,12,
src_jsc,Views/Dialog/DecisiveSupportDialog.jsc,src_jsc/Views/Dialog/DecisiveSupportDialog.js.disasm.txt,23553,ok,38,2705,37,
src_jsc,Views/Dialog/DetailDialogComponent.jsc,src_jsc/Views/Dialog/DetailDialogComponent.js.disasm.txt,99074,ok,133,5010,132,
src_jsc,Views/Dialog/DetailDialogEquip.jsc,src_jsc/Views/Dialog/DetailDialogEquip.js.disasm.txt,18885,ok,25,2623,24,
src_jsc,Views/Dialog/DetailDialogGeneral.jsc,src_jsc/Views/Dialog/DetailDialogGeneral.js.disasm.txt,35119,ok,55,4277,54,
src_jsc,Views/Dialog/DetailDialogSkill.jsc,src_jsc/Views/Dialog/DetailDialogSkill.js.disasm.txt,21849,ok,28,3002,27,
src_jsc,Views/Dialog/DetailFade.jsc,src_jsc/Views/Dialog/DetailFade.js.disasm.txt,6804,ok,9,806,8,
src_jsc,Views/Dialog/DevelopInstruction.jsc,src_jsc/Views/Dialog/DevelopInstruction.js.disasm.txt,3594,ok,7,317,6,
src_jsc,Views/Dialog/Dialog.jsc,src_jsc/Views/Dialog/Dialog.js.disasm.txt,26153,ok,42,3076,41,
src_jsc,Views/Dialog/DuanWuDialog.jsc,src_jsc/Views/Dialog/DuanWuDialog.js.disasm.txt,19964,ok,30,2151,29,
src_jsc,Views/Dialog/DungeonDetail.jsc,src_jsc/Views/Dialog/DungeonDetail.js.disasm.txt,28611,ok,28,3276,27,
src_jsc,Views/Dialog/DungeonDetailB.jsc,src_jsc/Views/Dialog/DungeonDetailB.js.disasm.txt,24824,ok,23,2940,22,
src_jsc,Views/Dialog/EquipmentStrengthenDialog.jsc,src_jsc/Views/Dialog/EquipmentStrengthenDialog.js.disasm.txt,20061,ok,18,2853,17,
src_jsc,Views/Dialog/ErrorDialog.jsc,src_jsc/Views/Dialog/ErrorDialog.js.disasm.txt,8097,ok,12,946,11,
src_jsc,Views/Dialog/ExchangeCDKey.jsc,src_jsc/Views/Dialog/ExchangeCDKey.js.disasm.txt,6019,ok,10,641,9,
src_jsc,Views/Dialog/FGLoginDialog.jsc,src_jsc/Views/Dialog/FGLoginDialog.js.disasm.txt,6240,ok,9,709,8,
src_jsc,Views/Dialog/FacebookLoginDialog.jsc,src_jsc/Views/Dialog/FacebookLoginDialog.js.disasm.txt,7893,ok,11,866,10,
src_jsc,Views/Dialog/FightResult.jsc,src_jsc/Views/Dialog/FightResult.js.disasm.txt,24054,ok,19,3619,18,
src_jsc,Views/Dialog/FirstChargeDialog.jsc,src_jsc/Views/Dialog/FirstChargeDialog.js.disasm.txt,5540,ok,8,561,7,
src_jsc,Views/Dialog/FriendOperationDialog.jsc,src_jsc/Views/Dialog/FriendOperationDialog.js.disasm.txt,6904,ok,14,668,13,
src_jsc,Views/Dialog/GeneralPreviewDialog.jsc,src_jsc/Views/Dialog/GeneralPreviewDialog.js.disasm.txt,12938,ok,16,1398,15,
src_jsc,Views/Dialog/GeneralTrainingResultDialog.jsc,src_jsc/Views/Dialog/GeneralTrainingResultDialog.js.disasm.txt,16160,ok,24,2023,23,
src_jsc,Views/Dialog/GoldDrawDialog.jsc,src_jsc/Views/Dialog/GoldDrawDialog.js.disasm.txt,7061,ok,9,800,8,
src_jsc,Views/Dialog/IdCardBindingDialog.jsc,src_jsc/Views/Dialog/IdCardBindingDialog.js.disasm.txt,8685,ok,10,1250,9,
src_jsc,Views/Dialog/InstructionDialog.jsc,src_jsc/Views/Dialog/InstructionDialog.js.disasm.txt,6206,ok,10,701,9,
src_jsc,Views/Dialog/JiFenDuiHuanDialog.jsc,src_jsc/Views/Dialog/JiFenDuiHuanDialog.js.disasm.txt,19892,ok,30,2132,29,
src_jsc,Views/Dialog/LabourlDialog.jsc,src_jsc/Views/Dialog/LabourlDialog.js.disasm.txt,19858,ok,30,2132,29,
src_jsc,Views/Dialog/MemorialDialog.jsc,src_jsc/Views/Dialog/MemorialDialog.js.disasm.txt,19873,ok,30,2132,29,
src_jsc,Views/Dialog/MessagePopView.jsc,src_jsc/Views/Dialog/MessagePopView.js.disasm.txt,13124,ok,19,1747,18,
src_jsc,Views/Dialog/MulitiFightDialog.jsc,src_jsc/Views/Dialog/MulitiFightDialog.js.disasm.txt,5571,ok,7,649,6,
src_jsc,Views/Dialog/MultiItemBuyDialog.jsc,src_jsc/Views/Dialog/MultiItemBuyDialog.js.disasm.txt,6832,ok,9,905,8,
src_jsc,Views/Dialog/MultiItemExchangeDialog.jsc,src_jsc/Views/Dialog/MultiItemExchangeDialog.js.disasm.txt,9295,ok,11,1145,10,
src_jsc,Views/Dialog/MysteryStoreDialog.jsc,src_jsc/Views/Dialog/MysteryStoreDialog.js.disasm.txt,24987,ok,34,2767,33,
src_jsc,Views/Dialog/PlantTreeDlg.jsc,src_jsc/Views/Dialog/PlantTreeDlg.js.disasm.txt,18800,ok,29,1998,28,
src_jsc,Views/Dialog/PlayerInfoDialog.jsc,src_jsc/Views/Dialog/PlayerInfoDialog.js.disasm.txt,20019,ok,19,2228,18,
src_jsc,Views/Dialog/PublicCopyDialog.jsc,src_jsc/Views/Dialog/PublicCopyDialog.js.disasm.txt,20247,ok,30,2166,29,
src_jsc,Views/Dialog/PublicNotice.jsc,src_jsc/Views/Dialog/PublicNotice.js.disasm.txt,4795,ok,10,495,9,
src_jsc,Views/Dialog/RandEvent.jsc,src_jsc/Views/Dialog/RandEvent.js.disasm.txt,7681,ok,12,840,11,
src_jsc,Views/Dialog/RefineEquipmentDialog.jsc,src_jsc/Views/Dialog/RefineEquipmentDialog.js.disasm.txt,21359,ok,21,2851,20,
src_jsc,Views/Dialog/ReplaceCardDialog.jsc,src_jsc/Views/Dialog/ReplaceCardDialog.js.disasm.txt,71366,ok,189,4342,188,
src_jsc,Views/Dialog/SelectOpenBoxNumDialog.jsc,src_jsc/Views/Dialog/SelectOpenBoxNumDialog.js.disasm.txt,6902,ok,9,948,8,
src_jsc,Views/Dialog/SelectResolveNumDialog.jsc,src_jsc/Views/Dialog/SelectResolveNumDialog.js.disasm.txt,7112,ok,9,974,8,
src_jsc,Views/Dialog/SelectSgsChannelDialog.jsc,src_jsc/Views/Dialog/SelectSgsChannelDialog.js.disasm.txt,10287,ok,12,1360,11,
src_jsc,Views/Dialog/SendMessageDialog.jsc,src_jsc/Views/Dialog/SendMessageDialog.js.disasm.txt,8143,ok,9,1006,8,
src_jsc,Views/Dialog/SkillUpDialog.jsc,src_jsc/Views/Dialog/SkillUpDialog.js.disasm.txt,31554,ok,47,3827,46,
src_jsc,Views/Dialog/SlotMachinesActivities.jsc,src_jsc/Views/Dialog/SlotMachinesActivities.js.disasm.txt,17832,ok,20,2410,19,
src_jsc,Views/Dialog/SpecificDialog.jsc,src_jsc/Views/Dialog/SpecificDialog.js.disasm.txt,48481,ok,74,5881,73,
src_jsc,Views/Dialog/SpiritStoneDialog.jsc,src_jsc/Views/Dialog/SpiritStoneDialog.js.disasm.txt,18779,ok,30,1962,29,
src_jsc,Views/Dialog/Story.jsc,src_jsc/Views/Dialog/Story.js.disasm.txt,12635,ok,15,1516,14,
src_jsc,Views/Dialog/TeamInfoDialog.jsc,src_jsc/Views/Dialog/TeamInfoDialog.js.disasm.txt,2726,ok,8,207,7,
src_jsc,Views/Dialog/UnionActiveDialog.jsc,src_jsc/Views/Dialog/UnionActiveDialog.js.disasm.txt,15894,ok,36,1595,35,
src_jsc,Views/Dialog/UnionChgNoticeSignDialog.jsc,src_jsc/Views/Dialog/UnionChgNoticeSignDialog.js.disasm.txt,10117,ok,12,1148,11,
src_jsc,Views/Dialog/UnionDepotMemberDialog.jsc,src_jsc/Views/Dialog/UnionDepotMemberDialog.js.disasm.txt,18033,ok,35,1791,34,
src_jsc,Views/Dialog/UnionDepotNumChooseDialog.jsc,src_jsc/Views/Dialog/UnionDepotNumChooseDialog.js.disasm.txt,8953,ok,11,1119,10,
src_jsc,Views/Dialog/UnionEncounterMapDialog.jsc,src_jsc/Views/Dialog/UnionEncounterMapDialog.js.disasm.txt,34202,ok,39,4525,38,
src_jsc,Views/Dialog/UnionWarActivePromoteDialog.jsc,src_jsc/Views/Dialog/UnionWarActivePromoteDialog.js.disasm.txt,7343,ok,12,790,11,
src_jsc,Views/Dialog/UnionWarBattleResultDialog.jsc,src_jsc/Views/Dialog/UnionWarBattleResultDialog.js.disasm.txt,13979,ok,29,1338,28,
src_jsc,Views/Dialog/UnionWarFightDialog.jsc,src_jsc/Views/Dialog/UnionWarFightDialog.js.disasm.txt,2154,ok,6,167,5,
src_jsc,Views/Dialog/UnionWarFlowChartDialog.jsc,src_jsc/Views/Dialog/UnionWarFlowChartDialog.js.disasm.txt,7654,ok,7,874,6,
src_jsc,Views/Dialog/UsrUpgrade.jsc,src_jsc/Views/Dialog/UsrUpgrade.js.disasm.txt,7133,ok,8,809,7,
src_jsc,Views/Dialog/UsrUpgradeNew.jsc,src_jsc/Views/Dialog/UsrUpgradeNew.js.disasm.txt,22822,ok,19,3308,18,
src_jsc,Views/Dialog/UsrUpgradeWillOpen.jsc,src_jsc/Views/Dialog/UsrUpgradeWillOpen.js.disasm.txt,5075,ok,8,691,7,
src_jsc,Views/Dialog/VerificationTelDialog.jsc,src_jsc/Views/Dialog/VerificationTelDialog.js.disasm.txt,8499,ok,11,1105,10,
src_jsc,Views/Dialog/headers.jsc,src_jsc/Views/Dialog/headers.js.disasm.txt,7598,ok,1,201,0,
src_jsc,Views/EquipmentReinforceView.jsc,src_jsc/Views/EquipmentReinforceView.js.disasm.txt,9427,ok,11,1138,10,
src_jsc,Views/EquipmentsListView.jsc,src_jsc/Views/EquipmentsListView.js.disasm.txt,581,ok,2,36,1,
src_jsc,Views/FeedBack.jsc,src_jsc/Views/FeedBack.js.disasm.txt,4467,ok,9,495,8,
src_jsc,Views/Gems/AllGemsListDialog.jsc,src_jsc/Views/Gems/AllGemsListDialog.js.disasm.txt,11749,ok,23,1254,22,
src_jsc,Views/Gems/GemsBagView.jsc,src_jsc/Views/Gems/GemsBagView.js.disasm.txt,14629,ok,29,1522,28,
src_jsc,Views/Gems/GemsComposeView.jsc,src_jsc/Views/Gems/GemsComposeView.js.disasm.txt,24738,ok,30,2982,29,
src_jsc,Views/Gems/GemsEquipmentAdd.jsc,src_jsc/Views/Gems/GemsEquipmentAdd.js.disasm.txt,4352,ok,7,443,6,
src_jsc,Views/Gems/GemsHoleextendView.jsc,src_jsc/Views/Gems/GemsHoleextendView.js.disasm.txt,17725,ok,24,2037,23,
src_jsc,Views/Gems/GemsPunchView.jsc,src_jsc/Views/Gems/GemsPunchView.js.disasm.txt,28802,ok,41,2952,40,
src_jsc,Views/Gems/GemsSophisticationReplaceDialog.jsc,src_jsc/Views/Gems/GemsSophisticationReplaceDialog.js.disasm.txt,15516,ok,29,1586,28,
src_jsc,Views/Gems/GemsSophisticationView.jsc,src_jsc/Views/Gems/GemsSophisticationView.js.disasm.txt,39249,ok,54,4141,53,
src_jsc,Views/Gems/headers.jsc,src_jsc/Views/Gems/headers.js.disasm.txt,975,ok,1,39,0,
src_jsc,Views/GeneralCardShow.jsc,src_jsc/Views/GeneralCardShow.js.disasm.txt,9742,ok,17,1303,16,
src_jsc,Views/GeneralPlayView.jsc,src_jsc/Views/GeneralPlayView.js.disasm.txt,27928,ok,54,3128,53,
src_jsc,Views/GeneralSwapView.jsc,src_jsc/Views/GeneralSwapView.js.disasm.txt,14727,ok,23,2117,22,
src_jsc,Views/Goddess/GoddessAchievementDialog.jsc,src_jsc/Views/Goddess/GoddessAchievementDialog.js.disasm.txt,14988,ok,23,1884,22,
src_jsc,Views/Goddess/GoddessMainView.jsc,src_jsc/Views/Goddess/GoddessMainView.js.disasm.txt,23914,ok,28,3124,27,
src_jsc,Views/Goddess/ThreeIconShowView.jsc,src_jsc/Views/Goddess/ThreeIconShowView.js.disasm.txt,13900,ok,23,1981,22,
src_jsc,Views/Goddess/headers.jsc,src_jsc/Views/Goddess/headers.js.disasm.txt,608,ok,1,29,0,
src_jsc,Views/HDShowViews.jsc,src_jsc/Views/HDShowViews.js.disasm.txt,7371,ok,13,959,12,
src_jsc,Views/HandbookCell.jsc,src_jsc/Views/HandbookCell.js.disasm.txt,16390,ok,32,1789,31,
src_jsc,Views/HornView.jsc,src_jsc/Views/HornView.js.disasm.txt,6174,ok,13,633,12,
src_jsc,Views/HpProgressView.jsc,src_jsc/Views/HpProgressView.js.disasm.txt,11843,ok,17,1641,16,
src_jsc,Views/HulaoBattle/GarrisonLayoutDialog.jsc,src_jsc/Views/HulaoBattle/GarrisonLayoutDialog.js.disasm.txt,41378,ok,47,4811,46,
src_jsc,Views/HulaoBattle/HulaoBattleMainView.jsc,src_jsc/Views/HulaoBattle/HulaoBattleMainView.js.disasm.txt,15761,ok,27,1616,26,
src_jsc,Views/HulaoBattle/HulaoBattleSelectDifficulty.jsc,src_jsc/Views/HulaoBattle/HulaoBattleSelectDifficulty.js.disasm.txt,8441,ok,15,866,14,
src_jsc,Views/HulaoBattle/LightenLuckDialog.jsc,src_jsc/Views/HulaoBattle/LightenLuckDialog.js.disasm.txt,15835,ok,24,1823,23,
src_jsc,Views/HulaoBattle/headers.jsc,src_jsc/Views/HulaoBattle/headers.js.disasm.txt,756,ok,1,31,0,
src_jsc,Views/HungerLayer.jsc,src_jsc/Views/HungerLayer.js.disasm.txt,10638,ok,29,1070,28,
src_jsc,Views/Icon/BaseIcon.jsc,src_jsc/Views/Icon/BaseIcon.js.disasm.txt,12289,ok,21,1243,20,
src_jsc,Views/Icon/IconPackage.jsc,src_jsc/Views/Icon/IconPackage.js.disasm.txt,4127,ok,9,390,8,
src_jsc,Views/Icon/IconStyleA.jsc,src_jsc/Views/Icon/IconStyleA.js.disasm.txt,34004,ok,46,3952,45,
src_jsc,Views/Icon/IconStyleB.jsc,src_jsc/Views/Icon/IconStyleB.js.disasm.txt,3209,ok,5,301,4,
src_jsc,Views/Icon/IconStyleC.jsc,src_jsc/Views/Icon/IconStyleC.js.disasm.txt,2138,ok,4,202,3,
src_jsc,Views/Icon/IconWrapped.jsc,src_jsc/Views/Icon/IconWrapped.js.disasm.txt,7468,ok,15,661,14,
src_jsc,Views/Icon/IconWrappedWithLabel.jsc,src_jsc/Views/Icon/IconWrappedWithLabel.js.disasm.txt,4451,ok,9,416,8,
src_jsc,Views/Icon/headers.jsc,src_jsc/Views/Icon/headers.js.disasm.txt,804,ok,1,37,0,
src_jsc,Views/InterService/InterServiceFightView.jsc,src_jsc/Views/InterService/InterServiceFightView.js.disasm.txt,20668,ok,27,2495,26,
src_jsc,Views/InterService/InterServiceRegistrationView.jsc,src_jsc/Views/InterService/InterServiceRegistrationView.js.disasm.txt,19741,ok,22,2715,21,
src_jsc,Views/InterService/InterServiceRewardDialog.jsc,src_jsc/Views/InterService/InterServiceRewardDialog.js.disasm.txt,7698,ok,14,806,13,
src_jsc,Views/InterService/InterServiceRewardPreviewDialog.jsc,src_jsc/Views/InterService/InterServiceRewardPreviewDialog.js.disasm.txt,5527,ok,7,593,6,
src_jsc,Views/InterService/InterServiceWorshipView.jsc,src_jsc/Views/InterService/InterServiceWorshipView.js.disasm.txt,17177,ok,28,1723,27,
src_jsc,Views/InterService/PointsExchangeView.jsc,src_jsc/Views/InterService/PointsExchangeView.js.disasm.txt,16630,ok,32,1660,31,
src_jsc,Views/InterService/PointsRankDialog.jsc,src_jsc/Views/InterService/PointsRankDialog.js.disasm.txt,10775,ok,23,1113,22,
src_jsc,Views/InterService/PopularityRewardView.jsc,src_jsc/Views/InterService/PopularityRewardView.js.disasm.txt,11708,ok,20,1214,19,
src_jsc,Views/InterService/PromptFrameDialog.jsc,src_jsc/Views/InterService/PromptFrameDialog.js.disasm.txt,6716,ok,12,682,11,
src_jsc,Views/InterService/headers.jsc,src_jsc/Views/InterService/headers.js.disasm.txt,1291,ok,1,41,0,
src_jsc,Views/ItemCell.jsc,src_jsc/Views/ItemCell.js.disasm.txt,23421,ok,32,3383,31,
src_jsc,Views/ItemShowList.jsc,src_jsc/Views/ItemShowList.js.disasm.txt,11482,ok,20,1209,19,
src_jsc,Views/Label/LabelBMF.jsc,src_jsc/Views/Label/LabelBMF.js.disasm.txt,557,ok,2,32,1,
src_jsc,Views/Label/LabelExt.jsc,src_jsc/Views/Label/LabelExt.js.disasm.txt,10962,ok,21,1377,20,
src_jsc,Views/Label/LabelTTF.jsc,src_jsc/Views/Label/LabelTTF.js.disasm.txt,551,ok,2,32,1,
src_jsc,Views/Label/headers.jsc,src_jsc/Views/Label/headers.js.disasm.txt,405,ok,1,25,0,
src_jsc,Views/ListTableView.jsc,src_jsc/Views/ListTableView.js.disasm.txt,7903,ok,18,685,17,
src_jsc,Views/LoadingView.jsc,src_jsc/Views/LoadingView.js.disasm.txt,4656,ok,10,433,9,
src_jsc,Views/MTipsListView.jsc,src_jsc/Views/MTipsListView.js.disasm.txt,3416,ok,11,264,10,
src_jsc,Views/MainMenuBtnView.jsc,src_jsc/Views/MainMenuBtnView.js.disasm.txt,13682,ok,21,1547,20,
src_jsc,Views/MainMenuView.jsc,src_jsc/Views/MainMenuView.js.disasm.txt,15448,ok,30,1534,29,
src_jsc,Views/Meridians/AcupointListView.jsc,src_jsc/Views/Meridians/AcupointListView.js.disasm.txt,7869,ok,13,997,12,
src_jsc,Views/Meridians/DetailsListView.jsc,src_jsc/Views/Meridians/DetailsListView.js.disasm.txt,10317,ok,14,1320,13,
src_jsc,Views/Meridians/MeridiansDetailDialog.jsc,src_jsc/Views/Meridians/MeridiansDetailDialog.js.disasm.txt,8053,ok,11,1035,10,
src_jsc,Views/Meridians/MeridiansMainView.jsc,src_jsc/Views/Meridians/MeridiansMainView.js.disasm.txt,27854,ok,24,3472,23,
src_jsc,Views/Meridians/PracticeMeridiansMainView.jsc,src_jsc/Views/Meridians/PracticeMeridiansMainView.js.disasm.txt,18136,ok,26,1880,25,
src_jsc,Views/Meridians/headers.jsc,src_jsc/Views/Meridians/headers.js.disasm.txt,808,ok,1,33,0,
src_jsc,Views/Mgr.jsc,src_jsc/Views/Mgr.js.disasm.txt,48786,ok,70,3312,69,
src_jsc,Views/MiniTablePage.jsc,src_jsc/Views/MiniTablePage.js.disasm.txt,3823,ok,7,463,6,
src_jsc,Views/MiracleWeapons/MiracleWeaponInforDialog.jsc,src_jsc/Views/MiracleWeapons/MiracleWeaponInforDialog.js.disasm.txt,17277,ok,26,2047,25,
src_jsc,Views/MiracleWeapons/MiracleWeaponLayer.jsc,src_jsc/Views/MiracleWeapons/MiracleWeaponLayer.js.disasm.txt,36727,ok,29,4891,28,
src_jsc,Views/MiracleWeapons/SelectMiracleWeaponLayer.jsc,src_jsc/Views/MiracleWeapons/SelectMiracleWeaponLayer.js.disasm.txt,19815,ok,30,2241,29,
src_jsc,Views/MiracleWeapons/ThreeMiracleWeaponsShowLayer.jsc,src_jsc/Views/MiracleWeapons/ThreeMiracleWeaponsShowLayer.js.disasm.txt,14036,ok,21,2000,20,
src_jsc,Views/MiracleWeapons/headers.jsc,src_jsc/Views/MiracleWeapons/headers.js.disasm.txt,810,ok,1,31,0,
src_jsc,Views/MultiLineUpView.jsc,src_jsc/Views/MultiLineUpView.js.disasm.txt,15245,ok,21,1716,20,
src_jsc,Views/MultiPagesMenuView.jsc,src_jsc/Views/MultiPagesMenuView.js.disasm.txt,14426,ok,23,1768,22,
src_jsc,Views/NotificationNode.jsc,src_jsc/Views/NotificationNode.js.disasm.txt,2089,ok,4,211,3,
src_jsc,Views/PlayerInfoBannerView.jsc,src_jsc/Views/PlayerInfoBannerView.js.disasm.txt,15343,ok,24,1797,23,
src_jsc,Views/ProgressTimer/BlueProgressTimer.jsc,src_jsc/Views/ProgressTimer/BlueProgressTimer.js.disasm.txt,2547,ok,5,274,4,
src_jsc,Views/ProgressTimer/NormalProgressTimer.jsc,src_jsc/Views/ProgressTimer/NormalProgressTimer.js.disasm.txt,3211,ok,6,347,5,
src_jsc,Views/ProgressTimer/header.jsc,src_jsc/Views/ProgressTimer/header.js.disasm.txt,560,ok,1,27,0,
src_jsc,Views/QueueTeamView.jsc,src_jsc/Views/QueueTeamView.js.disasm.txt,24186,ok,31,3165,30,
src_jsc,Views/QuickFight.jsc,src_jsc/Views/QuickFight.js.disasm.txt,14877,ok,13,1953,12,
src_jsc,Views/ReincarnationView.jsc,src_jsc/Views/ReincarnationView.js.disasm.txt,4859,ok,9,589,8,
src_jsc,Views/ReplaceCardList.jsc,src_jsc/Views/ReplaceCardList.js.disasm.txt,14456,ok,26,1461,25,
src_jsc,Views/ReplaceCardPanel.jsc,src_jsc/Views/ReplaceCardPanel.js.disasm.txt,5174,ok,12,527,11,
src_jsc,Views/RoundClippingNode.jsc,src_jsc/Views/RoundClippingNode.js.disasm.txt,2036,ok,4,288,3,
src_jsc,Views/SceneTitleView.jsc,src_jsc/Views/SceneTitleView.js.disasm.txt,2092,ok,5,216,4,
src_jsc,Views/ScrollView.jsc,src_jsc/Views/ScrollView.js.disasm.txt,7663,ok,18,742,17,
src_jsc,Views/ServerSelectView.jsc,src_jsc/Views/ServerSelectView.js.disasm.txt,13902,ok,21,1908,20,
src_jsc,Views/ShowTeamView.jsc,src_jsc/Views/ShowTeamView.js.disasm.txt,22988,ok,30,3031,29,
src_jsc,Views/SkillCompoundView.jsc,src_jsc/Views/SkillCompoundView.js.disasm.txt,4286,ok,8,531,7,
src_jsc,Views/SkillPieceIconShow.jsc,src_jsc/Views/SkillPieceIconShow.js.disasm.txt,6735,ok,12,778,11,
src_jsc,Views/SkillRefining/RefiningSkillDialog.jsc,src_jsc/Views/SkillRefining/RefiningSkillDialog.js.disasm.txt,4258,ok,8,487,7,
src_jsc,Views/SkillRefining/RefiningSkillShowTableView.jsc,src_jsc/Views/SkillRefining/RefiningSkillShowTableView.js.disasm.txt,5817,ok,13,498,12,
src_jsc,Views/SkillRefining/RefiningSkillTableView.jsc,src_jsc/Views/SkillRefining/RefiningSkillTableView.js.disasm.txt,3070,ok,6,262,5,
src_jsc,Views/SkillRefining/RefiningSkillTableViewCell.jsc,src_jsc/Views/SkillRefining/RefiningSkillTableViewCell.js.disasm.txt,6125,ok,9,691,8,
src_jsc,Views/SkillRefining/SkillRefiningLayer.jsc,src_jsc/Views/SkillRefining/SkillRefiningLayer.js.disasm.txt,24998,ok,22,3543,21,
src_jsc,Views/SkillRefining/headers.jsc,src_jsc/Views/SkillRefining/headers.js.disasm.txt,894,ok,1,33,0,
src_jsc,Views/SkillSpecView.jsc,src_jsc/Views/SkillSpecView.js.disasm.txt,1903,ok,4,211,3,
src_jsc,Views/SortController.jsc,src_jsc/Views/SortController.js.disasm.txt,18876,ok,17,1793,16,
src_jsc,Views/SpeakerView.jsc,src_jsc/Views/SpeakerView.js.disasm.txt,2324,ok,6,211,5,
src_jsc,Views/SplitLabelTTF.jsc,src_jsc/Views/SplitLabelTTF.js.disasm.txt,2988,ok,5,392,4,
src_jsc,Views/SpriteClippingNode.jsc,src_jsc/Views/SpriteClippingNode.js.disasm.txt,2242,ok,5,225,4,
src_jsc,Views/StoreItemView.jsc,src_jsc/Views/StoreItemView.js.disasm.txt,8483,ok,20,763,19,
src_jsc,Views/SurrenderReachView.jsc,src_jsc/Views/SurrenderReachView.js.disasm.txt,4696,ok,6,652,5,
src_jsc,Views/Table/AgaHeadTableView.jsc,src_jsc/Views/Table/AgaHeadTableView.js.disasm.txt,4709,ok,12,433,11,
src_jsc,Views/Table/AvoidWarTableView.jsc,src_jsc/Views/Table/AvoidWarTableView.js.disasm.txt,6157,ok,14,543,13,
src_jsc,Views/Table/BaseTableView.jsc,src_jsc/Views/Table/BaseTableView.js.disasm.txt,9556,ok,22,977,21,
src_jsc,Views/Table/BaseTableViewExtra.jsc,src_jsc/Views/Table/BaseTableViewExtra.js.disasm.txt,2105,ok,6,157,5,
src_jsc,Views/Table/Cell/AgaHeadTableViewCell.jsc,src_jsc/Views/Table/Cell/AgaHeadTableViewCell.js.disasm.txt,2358,ok,7,202,6,
src_jsc,Views/Table/Cell/AvoidWarTableViewCell.jsc,src_jsc/Views/Table/Cell/AvoidWarTableViewCell.js.disasm.txt,7136,ok,13,778,12,
src_jsc,Views/Table/Cell/BaseCcbCell.jsc,src_jsc/Views/Table/Cell/BaseCcbCell.js.disasm.txt,2106,ok,8,151,7,
src_jsc,Views/Table/Cell/BaseCell.jsc,src_jsc/Views/Table/Cell/BaseCell.js.disasm.txt,2097,ok,8,151,7,
src_jsc,Views/Table/Cell/BaseCmnStyleACell.jsc,src_jsc/Views/Table/Cell/BaseCmnStyleACell.js.disasm.txt,4837,ok,7,510,6,
src_jsc,Views/Table/Cell/BaseCmnStyleBCell.jsc,src_jsc/Views/Table/Cell/BaseCmnStyleBCell.js.disasm.txt,7014,ok,8,830,7,
src_jsc,Views/Table/Cell/BaseCmnStyleCCell.jsc,src_jsc/Views/Table/Cell/BaseCmnStyleCCell.js.disasm.txt,6933,ok,9,766,8,
src_jsc,Views/Table/Cell/BaseCmnStyleDCell.jsc,src_jsc/Views/Table/Cell/BaseCmnStyleDCell.js.disasm.txt,5765,ok,7,569,6,
src_jsc,Views/Table/Cell/BaseShortCardInfoCell.jsc,src_jsc/Views/Table/Cell/BaseShortCardInfoCell.js.disasm.txt,211,ok,1,1,0,
src_jsc,Views/Table/Cell/BaseTableViewExtraCell.jsc,src_jsc/Views/Table/Cell/BaseTableViewExtraCell.js.disasm.txt,1917,ok,6,113,5,
src_jsc,Views/Table/Cell/ChaosTableViewCell.jsc,src_jsc/Views/Table/Cell/ChaosTableViewCell.js.disasm.txt,10664,ok,15,1183,14,
src_jsc,Views/Table/Cell/ChargeItemCell.jsc,src_jsc/Views/Table/Cell/ChargeItemCell.js.disasm.txt,7022,ok,10,890,9,
src_jsc,Views/Table/Cell/ChatContentCell.jsc,src_jsc/Views/Table/Cell/ChatContentCell.js.disasm.txt,1991,ok,7,157,6,
src_jsc,Views/Table/Cell/ClimbLadderTableViewCell.jsc,src_jsc/Views/Table/Cell/ClimbLadderTableViewCell.js.disasm.txt,12283,ok,13,1726,12,
src_jsc,Views/Table/Cell/CombatTableViewCell.jsc,src_jsc/Views/Table/Cell/CombatTableViewCell.js.disasm.txt,8067,ok,12,885,11,
src_jsc,Views/Table/Cell/EquipRefineTableViewCell.jsc,src_jsc/Views/Table/Cell/EquipRefineTableViewCell.js.disasm.txt,7264,ok,12,770,11,
src_jsc,Views/Table/Cell/EquipmentFragmentJoinTableViewCell.jsc,src_jsc/Views/Table/Cell/EquipmentFragmentJoinTableViewCell.js.disasm.txt,7357,ok,11,885,10,
src_jsc,Views/Table/Cell/EquipmentFragmentTableViewCell.jsc,src_jsc/Views/Table/Cell/EquipmentFragmentTableViewCell.js.disasm.txt,8015,ok,11,950,10,
src_jsc,Views/Table/Cell/EquipmentTableViewCell.jsc,src_jsc/Views/Table/Cell/EquipmentTableViewCell.js.disasm.txt,15255,ok,20,1896,19,
src_jsc,Views/Table/Cell/EquipmentTableViewStrengthenCell.jsc,src_jsc/Views/Table/Cell/EquipmentTableViewStrengthenCell.js.disasm.txt,12299,ok,18,1462,17,
src_jsc,Views/Table/Cell/LadderChartTableViewCell.jsc,src_jsc/Views/Table/Cell/LadderChartTableViewCell.js.disasm.txt,7367,ok,8,944,7,
src_jsc,Views/Table/Cell/MailTableViewCell.jsc,src_jsc/Views/Table/Cell/MailTableViewCell.js.disasm.txt,11454,ok,20,1249,19,
src_jsc,Views/Table/Cell/MulitiFightCell.jsc,src_jsc/Views/Table/Cell/MulitiFightCell.js.disasm.txt,6520,ok,7,907,6,
src_jsc,Views/Table/Cell/MultiColumnTableViewCell.jsc,src_jsc/Views/Table/Cell/MultiColumnTableViewCell.js.disasm.txt,2672,ok,6,247,5,
src_jsc,Views/Table/Cell/RankTableViewCell.jsc,src_jsc/Views/Table/Cell/RankTableViewCell.js.disasm.txt,10936,ok,12,1612,11,
src_jsc,Views/Table/Cell/ReplaceCardCell.jsc,src_jsc/Views/Table/Cell/ReplaceCardCell.js.disasm.txt,45353,ok,61,6080,60,
src_jsc,Views/Table/Cell/SkillListTableViewCell.jsc,src_jsc/Views/Table/Cell/SkillListTableViewCell.js.disasm.txt,10422,ok,15,1261,14,
src_jsc,Views/Table/Cell/SkillMeltTableCell.jsc,src_jsc/Views/Table/Cell/SkillMeltTableCell.js.disasm.txt,16630,ok,20,2207,19,
src_jsc,Views/Table/Cell/SkillPieceTableViewCell.jsc,src_jsc/Views/Table/Cell/SkillPieceTableViewCell.js.disasm.txt,2383,ok,8,185,7,
src_jsc,Views/Table/Cell/SkillTableViewCell.jsc,src_jsc/Views/Table/Cell/SkillTableViewCell.js.disasm.txt,7072,ok,10,844,9,
src_jsc,Views/Table/Cell/SocialTableViewCell.jsc,src_jsc/Views/Table/Cell/SocialTableViewCell.js.disasm.txt,8278,ok,14,838,13,
src_jsc,Views/Table/Cell/TaskCell.jsc,src_jsc/Views/Table/Cell/TaskCell.js.disasm.txt,16898,ok,16,2030,15,
src_jsc,Views/Table/Cell/TeamQueueTeamCell.jsc,src_jsc/Views/Table/Cell/TeamQueueTeamCell.js.disasm.txt,4688,ok,7,588,6,
src_jsc,Views/Table/Cell/UnionSearchTableViewCell.jsc,src_jsc/Views/Table/Cell/UnionSearchTableViewCell.js.disasm.txt,6014,ok,12,653,11,
src_jsc,Views/Table/Cell/headers.jsc,src_jsc/Views/Table/Cell/headers.js.disasm.txt,3409,ok,1,91,0,
src_jsc,Views/Table/ChaosTableView.jsc,src_jsc/Views/Table/ChaosTableView.js.disasm.txt,2875,ok,9,201,8,
src_jsc,Views/Table/ChargeItemTableView.jsc,src_jsc/Views/Table/ChargeItemTableView.js.disasm.txt,16862,ok,18,2065,17,
src_jsc,Views/Table/ClimbLadderTableView.jsc,src_jsc/Views/Table/ClimbLadderTableView.js.disasm.txt,4076,ok,8,354,7,
src_jsc,Views/Table/CombatTableView.jsc,src_jsc/Views/Table/CombatTableView.js.disasm.txt,4090,ok,12,363,11,
src_jsc,Views/Table/EquipRefineTableView.jsc,src_jsc/Views/Table/EquipRefineTableView.js.disasm.txt,4062,ok,13,366,12,
src_jsc,Views/Table/EquipmentFragmentJoinTableView.jsc,src_jsc/Views/Table/EquipmentFragmentJoinTableView.js.disasm.txt,3097,ok,6,233,5,
src_jsc,Views/Table/EquipmentFragmentTableView.jsc,src_jsc/Views/Table/EquipmentFragmentTableView.js.disasm.txt,3189,ok,6,244,5,
src_jsc,Views/Table/EquipmentTableView.jsc,src_jsc/Views/Table/EquipmentTableView.js.disasm.txt,3433,ok,7,293,6,
src_jsc,Views/Table/EquipmentTableViewStrengthen.jsc,src_jsc/Views/Table/EquipmentTableViewStrengthen.js.disasm.txt,3780,ok,7,321,6,
src_jsc,Views/Table/InterServiceRewardPreviewTableView.jsc,src_jsc/Views/Table/InterServiceRewardPreviewTableView.js.disasm.txt,6345,ok,14,551,13,
src_jsc,Views/Table/InterServiceRewardTableView.jsc,src_jsc/Views/Table/InterServiceRewardTableView.js.disasm.txt,8841,ok,16,944,15,
src_jsc,Views/Table/LadderChartTableView.jsc,src_jsc/Views/Table/LadderChartTableView.js.disasm.txt,2497,ok,7,185,6,
src_jsc,Views/Table/MailTableView.jsc,src_jsc/Views/Table/MailTableView.js.disasm.txt,2139,ok,8,133,7,
src_jsc,Views/Table/MenuTableView.jsc,src_jsc/Views/Table/MenuTableView.js.disasm.txt,11111,ok,22,1304,21,
src_jsc,Views/Table/MulitiFightResultTableView.jsc,src_jsc/Views/Table/MulitiFightResultTableView.js.disasm.txt,3980,ok,9,436,8,
src_jsc,Views/Table/MultiColumnTableView.jsc,src_jsc/Views/Table/MultiColumnTableView.js.disasm.txt,3097,ok,7,308,6,
src_jsc,Views/Table/RankTableView.jsc,src_jsc/Views/Table/RankTableView.js.disasm.txt,3043,ok,8,276,7,
src_jsc,Views/Table/SkillListTableView.jsc,src_jsc/Views/Table/SkillListTableView.js.disasm.txt,10720,ok,14,1430,13,
src_jsc,Views/Table/SkillMeltTableView.jsc,src_jsc/Views/Table/SkillMeltTableView.js.disasm.txt,3850,ok,7,324,6,
src_jsc,Views/Table/SkillPieceTableView.jsc,src_jsc/Views/Table/SkillPieceTableView.js.disasm.txt,4122,ok,12,352,11,
src_jsc,Views/Table/SkillTableView.jsc,src_jsc/Views/Table/SkillTableView.js.disasm.txt,3047,ok,6,253,5,
src_jsc,Views/Table/SocialTableView.jsc,src_jsc/Views/Table/SocialTableView.js.disasm.txt,2856,ok,9,197,8,
src_jsc,Views/Table/TaskTableView.jsc,src_jsc/Views/Table/TaskTableView.js.disasm.txt,3683,ok,10,342,9,
src_jsc,Views/Table/UnionLogTableView.jsc,src_jsc/Views/Table/UnionLogTableView.js.disasm.txt,7338,ok,19,709,18,
src_jsc,Views/Table/UnionSearchTableView.jsc,src_jsc/Views/Table/UnionSearchTableView.js.disasm.txt,2903,ok,8,215,7,
src_jsc,Views/Table/UnionWarFlowChartTableView.jsc,src_jsc/Views/Table/UnionWarFlowChartTableView.js.disasm.txt,8643,ok,16,873,15,
src_jsc,Views/Table/headers.jsc,src_jsc/Views/Table/headers.js.disasm.txt,2928,ok,1,85,0,
src_jsc,Views/TablePageView.jsc,src_jsc/Views/TablePageView.js.disasm.txt,20287,ok,28,2194,27,
src_jsc,Views/TableViewCellButton.jsc,src_jsc/Views/TableViewCellButton.js.disasm.txt,11153,ok,24,1199,23,
src_jsc,Views/TeamCntPopView.jsc,src_jsc/Views/TeamCntPopView.js.disasm.txt,11537,ok,11,1580,10,
src_jsc,Views/TeamGeneralFightAndStrikeView.jsc,src_jsc/Views/TeamGeneralFightAndStrikeView.js.disasm.txt,6652,ok,7,815,6,
src_jsc,Views/TeamIconButton.jsc,src_jsc/Views/TeamIconButton.js.disasm.txt,11669,ok,21,1405,20,
src_jsc,Views/TeamIconButton_Buddy.jsc,src_jsc/Views/TeamIconButton_Buddy.js.disasm.txt,4144,ok,4,584,3,
src_jsc,Views/TextProgressView.jsc,src_jsc/Views/TextProgressView.js.disasm.txt,2360,ok,7,198,6,
src_jsc,Views/TouchableIcon.jsc,src_jsc/Views/TouchableIcon.js.disasm.txt,345,ok,1,11,0,
src_jsc,Views/Union/UnionBaseLayer.jsc,src_jsc/Views/Union/UnionBaseLayer.js.disasm.txt,1590,ok,6,91,5,
src_jsc,Views/Union/UnionCombatMainLayer.jsc,src_jsc/Views/Union/UnionCombatMainLayer.js.disasm.txt,26666,ok,38,2843,37,
src_jsc,Views/Union/UnionCreate.jsc,src_jsc/Views/Union/UnionCreate.js.disasm.txt,10828,ok,15,1222,14,
src_jsc,Views/Union/UnionDepotLayer.jsc,src_jsc/Views/Union/UnionDepotLayer.js.disasm.txt,15592,ok,34,1489,33,
src_jsc,Views/Union/UnionDialog.jsc,src_jsc/Views/Union/UnionDialog.js.disasm.txt,13888,ok,15,1712,14,
src_jsc,Views/Union/UnionDonationLayer.jsc,src_jsc/Views/Union/UnionDonationLayer.js.disasm.txt,18854,ok,25,2075,24,
src_jsc,Views/Union/UnionInfoLayer.jsc,src_jsc/Views/Union/UnionInfoLayer.js.disasm.txt,18542,ok,26,2012,25,
src_jsc,Views/Union/UnionMemberLayer.jsc,src_jsc/Views/Union/UnionMemberLayer.js.disasm.txt,23707,ok,34,2692,33,
src_jsc,Views/Union/UnionMemberManageDialog.jsc,src_jsc/Views/Union/UnionMemberManageDialog.js.disasm.txt,9019,ok,9,1078,8,
src_jsc,Views/Union/UnionMembershipLayer.jsc,src_jsc/Views/Union/UnionMembershipLayer.js.disasm.txt,16437,ok,34,1668,33,
src_jsc,Views/Union/UnionRankingLayer.jsc,src_jsc/Views/Union/UnionRankingLayer.js.disasm.txt,15333,ok,31,1657,30,
src_jsc,Views/Union/UnionSearch.jsc,src_jsc/Views/Union/UnionSearch.js.disasm.txt,14847,ok,31,1587,30,
src_jsc,Views/Union/UnionShopLayer.jsc,src_jsc/Views/Union/UnionShopLayer.js.disasm.txt,16041,ok,31,1505,30,
src_jsc,Views/Union/headers.jsc,src_jsc/Views/Union/headers.js.disasm.txt,1338,ok,1,49,0,
src_jsc,Views/UnionWarBattleView.jsc,src_jsc/Views/UnionWarBattleView.js.disasm.txt,12565,ok,16,1503,15,
src_jsc,Views/UnionWarFightView.jsc,src_jsc/Views/UnionWarFightView.js.disasm.txt,11514,ok,15,1514,14,
src_jsc,Views/UnionWarPlayerHeadFightView.jsc,src_jsc/Views/UnionWarPlayerHeadFightView.js.disasm.txt,9119,ok,20,870,19,
src_jsc,Views/UnionWarPlayerHeadView.jsc,src_jsc/Views/UnionWarPlayerHeadView.js.disasm.txt,5333,ok,10,558,9,
src_jsc,Views/UpgradeCard/BaseUpgradeCard.jsc,src_jsc/Views/UpgradeCard/BaseUpgradeCard.js.disasm.txt,16017,ok,20,2217,19,
src_jsc,Views/UpgradeCard/CardAwakeInfoView.jsc,src_jsc/Views/UpgradeCard/CardAwakeInfoView.js.disasm.txt,4955,ok,6,684,5,
src_jsc,Views/UpgradeCard/CardAwakeView.jsc,src_jsc/Views/UpgradeCard/CardAwakeView.js.disasm.txt,4520,ok,8,523,7,
src_jsc,Views/UpgradeCard/CombatUpgradeCard.jsc,src_jsc/Views/UpgradeCard/CombatUpgradeCard.js.disasm.txt,2811,ok,5,267,4,
src_jsc,Views/UpgradeCard/EquipmentUpgradeCard.jsc,src_jsc/Views/UpgradeCard/EquipmentUpgradeCard.js.disasm.txt,3208,ok,6,342,5,
src_jsc,Views/UpgradeCard/SkillUpgradeCard.jsc,src_jsc/Views/UpgradeCard/SkillUpgradeCard.js.disasm.txt,877,ok,3,64,2,
src_jsc,Views/UpgradeCard/headers.jsc,src_jsc/Views/UpgradeCard/headers.js.disasm.txt,810,ok,1,33,0,
src_jsc,Views/UpgradeGuideInMainView.jsc,src_jsc/Views/UpgradeGuideInMainView.js.disasm.txt,6528,ok,10,743,9,
src_jsc,Views/UserLevelUp.jsc,src_jsc/Views/UserLevelUp.js.disasm.txt,1525,ok,5,108,4,
src_jsc,Views/VipCell.jsc,src_jsc/Views/VipCell.js.disasm.txt,7079,ok,13,817,12,
src_jsc,Views/WorshipCardAdd.jsc,src_jsc/Views/WorshipCardAdd.js.disasm.txt,3431,ok,7,301,6,
src_jsc,Views/WorshipDescView.jsc,src_jsc/Views/WorshipDescView.js.disasm.txt,2342,ok,4,224,3,
src_jsc,Views/WorshipInfoView.jsc,src_jsc/Views/WorshipInfoView.js.disasm.txt,16545,ok,16,1909,15,
src_jsc,Views/WorshipWinePopNode.jsc,src_jsc/Views/WorshipWinePopNode.js.disasm.txt,18779,ok,35,2135,34,
src_jsc,Views/headers.jsc,src_jsc/Views/headers.js.disasm.txt,6142,ok,1,207,0,
src_jsc,cfg.jsc,src_jsc/cfg.js.disasm.txt,2970,ok,1,363,0,
src_jsc,cpp2jsb.jsc,src_jsc/cpp2jsb.js.disasm.txt,19445,ok,24,2203,23,
src_jsc,debug.jsc,src_jsc/debug.js.disasm.txt,1647,ok,1,215,0,
src_jsc,headers.jsc,src_jsc/headers.js.disasm.txt,1870,ok,1,153,0,
src_jsc,main.jsc,src_jsc/main.js.disasm.txt,10351,ok,10,1235,9,
